time_key,open,close,high,low,volume
2013-08-01,94.291,94.371,94.39,94.27,78904.0
2013-08-02,94.44,94.17,94.49,94.152,49201.0
2013-08-05,94.182,94.17,94.249,94.137,82713.0
2013-08-06,94.186,94.18,94.238,94.145,83455.0
2013-08-07,94.23,93.836,94.23,93.79,52913.0
2013-08-08,93.886,93.68,93.9,93.593,52926.0
2013-08-09,93.64,93.651,93.831,93.625,63742.0
2013-08-12,93.65,93.53,93.728,93.491,63488.0
2013-08-13,93.54,93.36,93.587,93.346,62007.0
2013-08-14,93.36,93.091,93.398,93.081,57542.0
2013-08-15,93.091,93.122,93.14,92.87,55832.0
2013-08-16,93.125,93.327,93.35,93.118,56622.0
2013-08-19,93.339,92.894,93.339,92.878,45911.0
2013-08-20,92.894,92.937,92.989,92.61,39249.0
2013-08-21,92.924,92.971,93.115,92.79,49473.0
2013-08-22,92.978,92.892,93.04,92.89,54664.0
2013-08-23,92.973,93.148,93.225,92.901,39264.0
2013-08-26,93.148,93.193,93.488,93.14,43823.0
2013-08-27,93.27,93.196,94.19,93.19,61134.0
2013-08-28,93.206,92.856,93.228,92.79,51266.0
2013-08-29,92.862,92.905,93.21,92.86,80603.0
2013-08-30,92.94,93.027,93.03,92.911,72010.0
2013-09-02,92.98,93.014,93.111,92.97,45724.0
2013-09-03,93.01,92.963,93.02,92.888,69573.0
2013-09-04,92.963,92.904,92.99,92.902,77782.0
2013-09-05,92.895,92.847,92.92,92.83,93549.0
2013-09-06,92.857,92.795,92.929,92.79,72015.0
2013-09-09,92.778,92.714,92.829,92.7,40180.0
2013-09-10,92.721,92.627,92.74,92.62,50955.0
2013-09-11,92.61,92.292,92.61,92.12,17552.0
2013-09-12,92.17,92.241,92.475,92.17,37016.0
2013-09-13,92.288,92.301,92.353,92.236,48953.0
2013-09-16,92.39,92.598,92.67,92.318,48784.0
2013-09-17,92.411,92.649,92.848,92.411,63926.0
2013-09-18,92.649,92.797,92.875,92.619,49673.0
2013-09-23,92.801,92.838,93.093,92.49,79473.0
2013-09-24,92.87,92.678,92.889,92.6,93052.0
2013-09-25,92.71,92.777,92.899,92.49,86193.0
2013-09-26,92.74,93.019,93.169,92.74,95830.0
2013-09-27,92.99,92.981,93.075,92.94,74784.0
2013-09-30,92.982,93.028,93.105,92.981,52715.0
2013-10-08,93.031,93.076,93.29,93.031,42488.0
2013-10-09,93.083,93.149,93.392,92.49,33148.0
2013-10-10,93.149,93.091,93.239,92.961,23281.0
2013-10-11,93.17,93.077,93.2,93.01,25213.0
2013-10-14,93.077,92.895,93.077,92.79,36848.0
2013-10-15,92.906,92.881,93.88,92.81,82705.0
2013-10-16,92.886,92.959,93.035,92.845,69197.0
2013-10-17,92.967,92.763,92.97,92.626,66613.0
2013-10-18,92.763,92.774,92.878,92.695,114404.0
2013-10-21,92.768,92.744,92.825,92.71,76921.0
2013-10-22,92.681,92.699,92.74,92.624,70318.0
2013-10-23,92.692,92.74,92.777,92.671,69208.0
2013-10-24,92.69,92.577,92.765,92.544,90266.0
2013-10-25,92.56,92.482,92.619,92.453,85836.0
2013-10-28,92.658,92.467,92.658,92.292,91371.0
2013-10-29,92.578,92.379,92.665,92.337,79246.0
2013-10-30,92.386,92.328,92.461,92.279,137011.0
2013-10-31,92.405,92.627,92.688,92.361,160060.0
2013-11-01,92.63,92.707,92.821,92.63,102552.0
2013-11-04,92.718,92.592,92.856,92.432,65790.0
2013-11-05,92.613,92.465,92.658,92.3,78854.0
2013-11-06,92.471,92.188,92.498,92.092,117606.0
2013-11-07,92.189,91.709,92.21,91.545,33889.0
2013-11-08,91.623,91.326,91.81,91.211,27324.0
2013-11-11,91.04,90.89,91.328,90.701,38263.0
2013-11-12,90.91,91.103,91.672,90.89,42079.0
2013-11-13,91.103,90.681,91.29,90.604,47305.0
2013-11-14,90.691,91.046,91.178,90.66,55150.0
2013-11-15,91.146,90.674,91.172,90.498,43482.0
2013-11-18,90.675,90.504,90.719,90.477,55313.0
2013-11-19,90.583,90.79,90.9,90.505,58837.0
2013-11-20,90.836,90.87,91.085,90.695,75476.0
2013-11-21,90.97,91.06,91.17,90.89,94056.0
2013-11-22,91.073,91.413,91.54,91.073,92939.0
2013-11-25,91.445,91.332,91.564,91.291,92810.0
2013-11-26,91.48,91.29,91.513,91.153,191172.0
2013-11-27,91.33,91.501,91.605,91.32,162909.0
2013-11-28,91.49,91.504,91.65,91.39,193556.0
2013-11-29,91.534,91.507,91.805,91.504,174654.0
2013-12-02,91.51,90.82,91.578,90.0,147101.0
2013-12-03,90.88,91.176,91.209,90.71,132170.0
2013-12-04,91.29,91.268,91.735,91.14,199898.0
2013-12-05,91.22,91.361,91.6,91.22,145501.0
2013-12-06,91.458,91.314,91.499,91.29,136217.0
2013-12-09,91.323,91.098,91.42,91.012,64263.0
2013-12-10,91.045,90.861,91.065,90.841,79052.0
2013-12-11,90.73,90.855,91.055,90.73,58720.0
2013-12-12,90.89,91.105,91.27,90.85,60444.0
2013-12-13,91.12,91.137,91.39,91.071,83875.0
2013-12-16,91.358,91.041,91.369,90.995,61492.0
2013-12-17,91.178,90.997,91.19,90.984,81480.0
2013-12-18,91.041,90.914,91.055,90.84,91914.0
2013-12-19,90.887,90.766,90.966,90.755,67237.0
2013-12-20,90.815,90.79,90.919,90.771,54078.0
2013-12-23,90.813,90.907,91.023,90.706,67033.0
2013-12-24,90.948,90.883,91.33,90.853,52544.0
2013-12-25,90.895,90.979,91.1,90.895,59598.0
2013-12-26,91.03,91.037,91.239,90.942,24859.0
2013-12-27,91.045,90.933,91.18,90.901,37522.0
2013-12-30,90.925,90.943,91.249,90.925,58882.0
2013-12-31,90.95,91.168,91.192,90.911,28073.0
2014-01-02,91.103,90.996,91.2,90.93,8231.0
2014-01-03,90.988,90.741,91.02,90.72,3865.0
2014-01-06,90.78,90.553,90.79,90.529,2547.0
2014-01-07,90.579,90.723,90.79,90.579,1908.0
2014-01-08,90.595,90.986,91.007,90.592,3087.0
2014-01-09,90.99,90.891,91.13,90.891,2754.0
2014-01-10,91.009,90.957,91.01,90.901,9261.0
2014-01-13,91.289,91.07,91.72,90.941,6262.0
2014-01-14,91.082,90.989,91.082,90.948,5813.0
2014-01-15,90.971,91.064,91.068,90.891,6646.0
2014-01-16,91.339,91.062,91.42,90.958,9780.0
2014-01-17,91.061,90.92,91.088,90.89,9014.0
2014-01-20,91.059,90.869,91.059,90.806,13714.0
2014-01-21,90.99,91.218,91.29,90.89,12265.0
2014-01-22,91.31,91.51,91.625,91.223,11271.0
2014-01-23,91.51,91.584,91.71,91.51,21732.0
2014-01-24,91.584,91.516,91.584,91.441,11093.0
2014-01-27,91.516,91.935,91.95,91.191,21442.0
2014-01-28,91.89,91.891,91.94,91.758,15232.0
2014-01-29,91.891,91.855,91.94,90.899,7523.0
2014-01-30,91.726,91.89,91.95,91.726,5409.0
2014-02-07,91.89,91.951,92.049,91.818,6096.0
2014-02-10,91.955,91.96,92.09,91.951,14454.0
2014-02-11,91.96,92.012,92.04,91.19,11936.0
2014-02-12,92.029,92.013,92.083,92.011,14477.0
2014-02-13,92.04,92.06,92.07,91.794,18480.0
2014-02-14,92.06,92.2,92.2,92.06,19656.0
2014-02-17,92.2,92.165,92.203,92.1,26794.0
2014-02-18,92.176,92.21,92.46,92.094,32327.0
2014-02-19,92.16,92.457,92.495,92.141,14603.0
2014-02-20,92.459,92.39,92.49,92.298,15546.0
2014-02-21,92.39,92.251,92.44,92.22,14559.0
2014-02-24,92.223,92.415,92.48,92.223,21001.0
2014-02-25,92.415,92.623,92.626,92.415,36751.0
2014-02-26,92.656,92.623,92.872,92.556,30022.0
2014-02-27,92.688,92.859,92.96,92.688,30647.0
2014-02-28,92.87,92.823,92.96,92.79,26196.0
2014-03-03,92.79,92.751,92.894,92.698,23783.0
2014-03-04,92.712,92.39,92.836,92.306,11815.0
2014-03-05,92.34,92.339,92.669,92.315,22839.0
2014-03-06,92.38,92.413,92.5,92.256,19734.0
2014-03-07,92.14,92.36,92.59,92.14,11063.0
2014-03-10,92.39,92.356,92.423,92.281,22082.0
2014-03-11,82.667,92.425,92.49,82.667,13427.0
2014-03-12,92.505,92.432,92.56,92.39,32680.0
2014-03-13,92.48,92.7,92.702,92.297,13292.0
2014-03-14,92.5,92.741,92.99,92.5,9256.0
2014-03-17,92.749,92.842,92.985,92.749,16785.0
2014-03-18,92.826,92.654,92.88,92.638,17508.0
2014-03-19,92.69,92.578,92.761,92.56,23416.0
2014-03-20,92.5,92.528,92.632,92.49,25722.0
2014-03-21,92.579,92.739,92.873,92.479,20676.0
2014-03-24,92.54,92.747,92.809,92.54,26380.0
2014-03-25,92.807,92.694,92.807,92.636,31553.0
2014-03-26,92.695,92.689,92.757,92.648,23224.0
2014-03-27,92.648,92.664,92.692,92.592,33287.0
2014-03-28,92.49,92.502,92.685,92.473,23517.0
2014-03-31,92.529,92.449,92.551,92.4,24529.0
2014-04-01,92.391,92.398,92.478,91.892,19594.0
2014-04-02,92.35,92.312,92.515,92.286,17841.0
2014-04-03,92.306,92.309,92.402,92.223,19294.0
2014-04-04,91.901,92.212,92.363,91.901,21206.0
2014-04-08,91.89,92.287,92.288,91.89,18452.0
2014-04-09,92.24,92.379,92.42,92.24,23611.0
2014-04-10,92.191,92.487,92.599,92.191,24047.0
2014-04-11,92.49,92.744,92.808,92.49,13750.0
2014-04-14,92.685,92.841,92.952,92.685,18105.0
2014-04-15,92.79,93.166,93.36,92.79,20354.0
2014-04-16,93.137,92.856,93.233,92.841,22902.0
2014-04-17,93.188,93.419,93.69,93.09,14534.0
2014-04-18,93.398,93.442,93.77,93.358,21665.0
2014-04-21,93.54,93.572,93.75,93.391,20424.0
2014-04-22,93.495,93.176,93.64,92.901,23489.0
2014-04-23,93.19,93.236,93.437,92.985,25861.0
2014-04-24,93.089,92.909,93.25,92.829,17357.0
2014-04-25,93.183,93.199,93.346,92.896,28847.0
2014-04-28,93.04,93.058,93.459,92.91,16648.0
2014-04-29,93.048,93.175,93.589,92.993,19368.0
2014-04-30,93.1,93.512,93.57,93.1,17829.0
2014-05-05,93.47,93.646,93.725,93.47,21252.0
2014-05-06,93.69,93.733,93.848,93.669,26562.0
2014-05-07,93.733,93.59,93.861,93.57,32349.0
2014-05-08,93.608,93.746,93.786,93.518,29666.0
2014-05-09,93.746,94.102,94.22,93.746,38124.0
2014-05-12,94.14,94.01,94.177,93.69,45821.0
2014-05-13,94.04,93.977,94.17,93.963,58093.0
2014-05-14,93.98,93.85,94.129,93.597,34213.0
2014-05-15,93.89,93.935,94.009,93.736,42225.0
2014-05-16,93.841,93.942,94.04,93.841,38319.0
2014-05-19,93.948,93.878,94.043,93.834,67095.0
2014-05-20,93.792,93.893,93.98,93.792,62494.0
2014-05-21,93.891,93.84,94.02,93.802,66375.0
2014-05-22,93.56,93.964,94.078,93.56,55575.0
2014-05-23,93.971,94.034,94.1,93.916,62868.0
2014-05-26,94.005,94.158,94.441,94.005,64008.0
2014-05-27,94.174,94.437,94.54,94.174,52471.0
2014-05-28,94.45,94.44,94.52,94.402,105048.0
2014-05-29,94.47,94.609,94.73,94.47,51263.0
2014-05-30,94.786,94.717,95.59,94.291,71259.0
2014-06-03,94.741,94.88,94.88,94.641,70236.0
2014-06-04,94.88,95.291,95.386,94.84,49304.0
2014-06-05,95.303,94.681,95.356,94.666,20584.0
2014-06-06,94.723,94.752,94.88,94.492,68883.0
2014-06-09,94.8,94.787,94.8,94.6,49136.0
2014-06-10,94.787,94.768,94.969,94.73,67680.0
2014-06-11,94.753,94.85,94.899,94.73,68003.0
2014-06-12,94.77,94.669,94.905,94.5,71685.0
2014-06-13,94.645,94.626,94.728,94.55,86024.0
2014-06-16,94.67,95.025,95.048,94.67,65251.0
2014-06-17,95.051,94.813,95.244,94.762,69082.0
2014-06-18,94.87,94.826,94.942,94.678,72243.0
2014-06-19,94.865,94.79,94.878,94.701,106498.0
2014-06-20,94.795,94.879,95.032,94.701,99770.0
2014-06-23,94.86,94.889,95.001,94.842,146234.0
2014-06-24,94.913,95.134,95.29,94.84,129163.0
2014-06-25,94.965,95.104,95.168,94.895,96730.0
2014-06-26,95.147,94.91,95.147,94.893,85205.0
2014-06-27,94.92,94.831,94.982,94.812,87140.0
2014-06-30,94.846,94.776,94.94,94.49,38441.0
2014-07-01,94.826,94.676,94.826,94.601,28458.0
2014-07-02,94.676,94.598,94.721,94.572,28576.0
2014-07-03,94.601,94.614,94.66,94.556,28267.0
2014-07-04,94.604,94.612,94.68,94.55,27851.0
2014-07-07,94.64,94.57,94.656,94.561,23802.0
2014-07-08,94.556,94.227,94.604,94.158,17648.0
2014-07-09,94.29,93.935,94.366,93.892,16011.0
2014-07-10,93.922,93.573,94.005,93.56,18212.0
2014-07-11,93.626,94.302,94.44,93.572,14592.0
2014-07-14,94.3,94.408,94.537,94.24,17265.0
2014-07-15,94.408,94.33,94.529,94.29,17501.0
2014-07-16,94.291,94.094,94.333,93.911,16395.0
2014-07-17,93.996,93.785,94.038,93.711,19589.0
2014-07-18,93.69,93.753,93.88,93.554,14076.0
2014-07-21,93.69,93.805,93.88,93.69,21240.0
2014-07-22,93.77,93.895,94.04,93.77,36004.0
2014-07-23,93.9,93.904,93.968,93.73,20606.0
2014-07-24,93.952,93.864,93.952,93.85,37968.0
2014-07-25,94.001,94.027,94.09,93.901,25740.0
2014-07-28,94.01,94.024,94.08,94.0,35833.0
2014-07-29,94.0,94.0,94.04,93.89,40319.0
2014-07-30,94.011,94.176,94.19,93.98,32153.0
2014-07-31,94.06,94.196,94.286,94.06,19827.0
2014-08-01,94.11,94.685,94.89,94.11,14016.0
2014-08-04,94.64,94.693,94.88,94.3,12994.0
2014-08-05,94.641,94.774,94.878,94.641,21284.0
2014-08-06,94.775,94.871,94.933,94.75,44359.0
2014-08-07,94.847,94.696,94.92,94.611,39939.0
2014-08-08,94.7,94.792,94.865,94.7,35485.0
2014-08-11,94.72,94.837,94.908,94.72,50599.0
2014-08-12,94.791,94.77,94.884,94.72,46616.0
2014-08-13,94.77,94.844,95.112,94.67,53973.0
2014-08-14,94.892,94.905,95.29,94.816,39024.0
2014-08-15,94.823,95.031,95.086,94.823,50895.0
2014-08-18,94.94,94.964,95.088,94.909,66801.0
2014-08-19,94.956,94.927,94.986,94.885,106258.0
2014-08-20,94.89,94.888,94.981,94.845,92949.0
2014-08-21,94.891,94.83,94.92,94.798,91178.0
2014-08-22,94.831,94.803,94.87,94.775,124559.0
2014-08-25,94.79,94.802,94.849,94.79,135096.0
2014-08-26,94.813,94.878,95.186,94.793,70137.0
2014-08-27,94.87,94.799,94.992,94.59,84379.0
2014-08-28,94.85,94.862,94.904,94.791,83980.0
2014-08-29,94.812,94.883,94.942,94.812,75403.0
2014-09-01,94.85,94.94,94.962,94.85,96055.0
2014-09-02,94.92,94.906,95.039,94.89,65393.0
2014-09-03,94.915,94.885,94.961,94.872,84219.0
2014-09-04,94.885,94.864,94.907,94.851,101347.0
2014-09-05,94.865,94.862,94.896,94.841,85248.0
2014-09-09,94.882,94.891,94.975,94.864,76646.0
2014-09-10,94.897,94.826,94.917,94.79,71796.0
2014-09-11,94.825,94.814,94.87,94.792,75125.0
2014-09-12,94.829,94.792,94.846,94.77,120881.0
2014-09-15,94.826,94.886,94.902,94.797,89114.0
2014-09-16,94.893,94.87,94.91,94.61,73768.0
2014-09-17,94.906,94.889,94.931,94.83,77640.0
2014-09-18,94.885,95.38,95.486,94.812,48210.0
2014-09-19,95.412,95.482,95.889,95.202,51441.0
2014-09-22,95.425,95.583,96.492,95.372,61123.0
2014-09-23,95.68,95.842,95.887,95.56,53527.0
2014-09-24,95.621,95.378,96.18,95.131,23473.0
2014-09-25,95.408,95.426,95.59,95.211,26381.0
2014-09-26,95.43,95.35,95.474,94.99,29653.0
2014-09-29,95.415,95.587,95.757,95.363,48535.0
2014-09-30,95.612,96.028,96.086,95.601,44050.0
2014-10-08,96.69,95.969,96.873,94.99,25722.0
2014-10-09,95.97,96.002,96.12,95.91,69352.0
2014-10-10,96.019,95.958,96.36,95.19,84731.0
2014-10-13,96.009,96.043,96.289,95.99,54838.0
2014-10-14,96.07,96.746,96.88,96.07,19762.0
2014-10-15,96.94,97.118,97.464,96.89,22952.0
2014-10-16,97.103,97.421,97.486,97.103,57696.0
2014-10-17,97.19,97.69,97.789,97.19,33762.0
2014-10-20,97.73,97.866,98.5,97.612,51646.0
2014-10-21,97.795,97.621,98.12,97.6,27486.0
2014-10-22,97.869,97.112,97.869,96.97,28047.0
2014-10-23,97.138,97.227,97.297,97.09,106781.0
2014-10-24,97.09,97.27,97.768,97.09,46037.0
2014-10-27,97.345,97.193,97.72,97.058,129037.0
2014-10-28,97.258,97.568,97.7,97.258,52014.0
2014-10-29,97.59,97.814,97.886,97.515,99397.0
2014-10-30,97.814,97.729,97.939,97.498,68984.0
2014-10-31,97.741,97.695,97.888,97.641,61239.0
2014-11-03,97.793,97.913,98.23,97.711,46247.0
2014-11-04,97.955,98.429,98.546,97.955,56407.0
2014-11-05,98.468,98.699,98.751,98.391,74303.0
2014-11-06,98.677,98.441,98.86,98.095,36962.0
2014-11-07,98.455,98.869,98.953,98.441,68920.0
2014-11-10,98.848,99.155,99.275,98.79,84274.0
2014-11-11,99.17,99.081,99.727,98.99,38239.0
2014-11-12,99.191,99.047,99.409,99.013,47143.0
2014-11-13,99.092,98.828,99.092,98.642,41492.0
2014-11-14,98.691,98.693,98.82,98.44,121392.0
2014-11-17,98.791,98.357,98.791,98.301,131694.0
2014-11-18,98.37,98.731,98.745,98.35,141873.0
2014-11-19,98.72,98.491,98.876,98.301,183793.0
2014-11-20,98.59,98.485,98.649,98.391,205286.0
2014-11-21,98.48,98.533,98.689,98.27,105241.0
2014-11-24,98.89,98.746,99.65,97.99,117684.0
2014-11-25,98.893,98.881,99.09,98.713,51034.0
2014-11-26,98.881,98.86,99.07,98.69,117646.0
2014-11-27,98.902,98.933,99.02,98.87,114989.0
2014-11-28,99.08,98.985,99.128,98.839,83593.0
2014-12-01,98.952,99.11,99.366,98.893,60819.0
2014-12-02,99.1,98.942,99.286,98.89,98023.0
2014-12-03,98.93,98.213,98.95,98.112,35752.0
2014-12-04,98.21,97.778,98.46,96.901,98681.0
2014-12-05,97.769,97.426,97.769,97.1,63610.0
2014-12-08,97.69,97.195,97.72,97.107,99060.0
2014-12-09,96.902,97.149,97.42,96.709,50594.0
2014-12-10,97.19,97.35,97.685,97.072,122561.0
2014-12-11,97.361,97.427,97.759,97.34,196687.0
2014-12-12,97.44,97.564,97.716,97.402,295963.0
2014-12-15,97.56,97.68,97.759,97.416,296056.0
2014-12-16,97.621,97.797,97.881,97.621,282163.0
2014-12-17,97.797,98.31,98.386,97.646,200272.0
2014-12-18,98.34,98.011,98.45,97.739,206661.0
2014-12-19,98.001,98.076,98.35,97.93,276207.0
2014-12-22,98.09,98.095,98.165,97.867,244310.0
2014-12-23,98.103,98.28,98.505,97.91,347173.0
2014-12-24,98.588,98.568,99.276,98.4,126947.0
2014-12-25,98.593,98.514,98.878,98.5,352140.0
2014-12-26,98.579,98.394,98.746,98.245,369967.0
2014-12-29,98.492,98.393,98.65,98.311,325773.0
2014-12-30,98.44,98.155,98.59,98.12,386978.0
2014-12-31,98.278,98.288,98.44,98.022,170909.0
2015-01-05,98.286,98.186,98.374,98.142,21728.0
2015-01-06,98.053,98.252,98.29,98.053,16614.0
2015-01-07,98.22,98.382,98.435,98.22,57835.0
2015-01-08,98.489,98.408,98.489,98.288,91999.0
2015-01-09,98.416,98.605,98.718,98.379,76539.0
2015-01-12,98.588,98.88,98.883,98.52,74098.0
2015-01-13,98.841,99.118,99.188,98.737,89036.0
2015-01-14,99.141,99.232,99.266,99.118,74153.0
2015-01-15,99.59,99.547,99.659,99.24,68892.0
2015-01-16,99.44,100.107,100.386,99.44,45617.0
2015-01-19,100.09,100.433,101.305,100.089,36653.0
2015-01-20,99.25,100.438,100.875,99.25,51972.0
2015-01-21,100.584,100.505,100.584,100.42,107539.0
2015-01-22,100.568,100.533,100.712,100.44,78538.0
2015-01-23,100.541,100.583,100.67,100.49,145966.0
2015-01-26,100.667,100.71,100.769,100.59,141887.0
2015-01-27,100.64,100.809,100.885,100.64,133017.0
2015-01-28,100.809,100.739,101.069,100.691,180515.0
2015-01-29,100.504,100.579,100.99,100.504,87964.0
2015-01-30,100.59,100.203,100.669,100.14,98527.0
2015-02-02,100.29,100.347,100.48,100.192,122450.0
2015-02-03,100.322,100.563,100.64,100.322,50356.0
2015-02-04,100.588,100.721,100.768,100.588,101217.0
2015-02-05,100.821,100.923,100.98,100.79,199291.0
2015-02-06,100.938,101.342,101.889,100.89,4913.0
2015-02-09,101.345,101.485,101.774,100.99,28168.0
2015-02-10,101.51,100.83,101.53,100.589,29628.0
2015-02-11,101.189,101.377,101.456,100.691,26260.0
2015-02-12,101.49,101.663,101.84,101.4,39895.0
2015-02-13,101.63,101.852,101.889,101.63,191147.0
2015-02-16,101.858,101.567,102.076,101.223,33206.0
2015-02-17,101.726,101.788,101.828,101.442,21161.0
2015-02-25,101.84,101.794,101.842,101.713,118964.0
2015-02-26,101.985,101.597,102.29,101.59,149498.0
2015-02-27,101.561,101.619,101.709,101.561,91356.0
2015-03-02,101.635,101.297,101.68,101.222,36813.0
2015-03-03,101.265,101.249,101.425,101.215,65814.0
2015-03-04,101.17,101.325,101.411,101.17,95170.0
2015-03-05,101.327,101.146,101.349,101.121,92747.0
2015-03-06,101.111,101.112,101.246,101.092,38431.0
2015-03-09,101.091,100.765,101.152,100.601,38809.0
2015-03-10,100.969,100.637,101.09,100.591,26651.0
2015-03-11,100.839,101.19,101.29,100.592,40329.0
2015-03-12,101.19,101.193,101.504,101.001,32719.0
2015-03-13,101.212,101.107,101.352,101.1,71394.0
2015-03-16,101.39,101.105,101.39,101.02,208716.0
2015-03-17,101.031,101.168,101.256,101.031,101521.0
2015-03-18,101.171,101.144,101.425,101.115,88522.0
2015-03-19,101.145,101.146,101.365,101.128,60086.0
2015-03-20,101.159,101.163,101.254,101.144,128026.0
2015-03-23,101.172,101.233,101.311,101.172,101047.0
2015-03-24,101.274,101.232,101.421,101.191,126109.0
2015-03-25,101.251,101.242,101.351,101.2,77121.0
2015-03-26,101.243,101.213,101.265,101.182,176386.0
2015-03-27,101.213,101.13,101.245,101.05,86630.5
2015-03-30,101.13,100.628,101.182,100.593,75509.0
2015-03-31,100.642,99.936,100.68,99.804,90504.0
2015-04-01,100.09,100.309,100.323,100.084,85698.0
2015-04-02,100.331,100.51,100.56,100.331,138896.0
2015-04-03,100.562,100.389,100.62,100.345,94896.0
2015-04-07,100.361,100.314,100.389,100.241,112842.0
2015-04-08,100.31,100.145,100.416,100.091,42462.0
2015-04-09,100.001,100.219,100.233,100.001,203174.0
2015-04-10,100.232,100.277,100.31,100.208,199937.0
2015-04-13,100.3,100.356,100.356,100.275,57727.0
2015-04-14,100.356,100.533,100.55,100.315,33207.0
2015-04-15,100.587,100.502,100.843,100.442,58811.0
2015-04-16,100.502,101.187,101.89,100.502,30579.0
2015-04-17,100.778,101.203,101.688,100.778,95520.0
2015-04-20,101.291,101.55,101.638,101.29,32967.0
2015-04-21,101.669,101.607,102.81,101.556,77044.0
2015-04-22,101.89,101.832,101.902,101.492,65555.0
2015-04-23,101.838,101.727,101.838,101.61,40963.0
2015-04-24,101.727,101.54,101.74,101.531,84775.0
2015-04-27,101.559,101.83,101.839,101.54,99996.0
2015-04-28,101.8,101.949,101.951,101.8,48547.0
2015-04-29,101.742,101.989,102.33,101.49,65412.0
2015-04-30,101.89,102.12,102.19,101.89,48759.0
2015-05-04,102.33,101.802,102.34,101.69,34969.0
2015-05-05,101.94,101.758,102.04,101.711,52122.0
2015-05-06,101.731,101.345,101.76,101.291,27832.0
2015-05-07,101.291,101.548,101.548,101.29,44164.0
2015-05-08,101.646,101.919,101.946,101.61,59683.0
2015-05-11,101.92,102.088,102.136,101.915,31498.0
2015-05-12,102.16,102.07,102.16,101.99,60054.0
2015-05-13,102.09,102.022,102.11,101.969,54757.0
2015-05-14,102.035,102.247,102.377,102.035,30458.0
2015-05-15,102.307,102.262,102.434,102.241,55070.0
2015-05-18,102.271,102.29,102.373,102.27,99637.0
2015-05-19,102.215,102.083,102.289,102.041,44912.0
2015-05-20,102.278,101.975,102.278,101.875,23974.0
2015-05-21,101.936,101.836,102.036,101.606,34133.0
2015-05-22,101.888,101.93,102.26,101.888,66163.0
2015-05-25,101.99,101.925,101.99,101.596,36943.0
2015-05-26,101.927,101.904,101.97,101.788,93759.0
2015-05-27,101.8,101.796,102.34,101.77,130923.0
2015-05-28,101.89,101.819,102.088,101.713,280075.0
2015-05-29,101.81,101.201,101.81,100.993,62704.0
2015-06-01,101.376,100.69,101.89,100.391,65704.0
2015-06-02,100.66,100.86,101.29,100.512,78274.0
2015-06-03,100.81,101.485,101.491,100.81,107687.0
2015-06-04,101.49,101.58,101.888,101.301,69348.0
2015-06-05,101.54,101.941,102.4,101.503,126671.0
2015-06-08,101.893,102.041,102.689,101.889,59052.0
2015-06-09,102.28,101.829,102.31,101.79,106516.0
2015-06-10,101.978,101.583,102.0,101.495,38586.0
2015-06-11,101.545,101.63,101.976,101.24,263930.0
2015-06-12,101.63,101.5,101.88,101.49,172356.0
2015-06-15,101.5,101.089,101.502,101.054,50684.0
2015-06-16,101.34,101.086,101.34,100.69,72797.0
2015-06-17,101.001,100.94,101.17,99.89,45547.0
2015-06-18,101.23,101.011,101.288,100.794,132692.0
2015-06-19,101.011,101.088,101.09,100.95,65884.0
2015-06-23,101.03,101.282,101.549,101.03,70294.0
2015-06-24,101.282,101.546,101.555,101.28,156070.0
2015-06-25,101.556,101.09,101.684,101.09,121915.0
2015-06-26,101.209,100.685,101.691,100.621,136295.0
2015-06-29,101.26,100.84,101.862,100.415,71258.0
2015-06-30,100.802,100.778,100.915,100.71,59485.0
2015-07-01,100.778,100.96,101.04,100.6,6560.0
2015-07-02,100.95,100.713,100.95,100.69,3876.0
2015-07-03,100.661,100.797,101.854,100.661,4004.0
2015-07-06,100.81,101.48,101.49,100.81,5231.0
2015-07-07,101.132,102.189,102.2,101.132,17908.0
2015-07-08,102.201,102.708,102.806,102.201,11099.0
2015-07-09,102.491,102.543,102.611,101.981,4781.0
2015-07-10,102.676,101.932,102.676,101.495,2907.0
2015-07-13,101.89,102.074,102.19,101.89,21578.0
2015-07-14,102.07,101.97,102.374,101.69,32095.0
2015-07-15,102.045,102.223,102.686,101.69,39241.0
2015-07-16,102.222,102.79,112.89,102.058,31873.0
2015-07-17,102.79,103.495,103.886,102.721,14537.0
2015-07-20,103.201,103.291,103.624,103.2,10794.0
2015-07-21,103.585,103.25,103.585,103.191,19255.0
2015-07-22,103.26,103.206,103.292,102.89,30123.0
2015-07-23,103.25,103.34,103.373,103.19,21473.0
2015-07-24,103.05,102.933,103.374,102.919,21398.0
2015-07-27,103.063,102.989,103.064,102.693,12620.0
2015-07-28,103.019,103.264,103.69,102.911,21110.0
2015-07-29,103.27,103.611,105.89,103.264,16475.0
2015-07-30,103.478,103.156,104.09,102.843,44192.0
2015-07-31,103.168,103.07,103.168,102.924,58232.0
2015-08-03,103.06,103.283,103.69,102.89,35316.0
2015-08-04,102.69,103.072,103.609,102.65,72125.0
2015-08-05,103.29,103.313,103.45,103.083,94868.0
2015-08-06,103.291,103.512,103.545,103.212,65617.0
2015-08-07,103.54,103.579,103.84,103.54,60369.0
2015-08-10,103.41,103.553,103.881,103.4,17158.0
2015-08-11,103.53,103.483,103.724,103.43,26476.0
2015-08-12,103.48,103.412,103.552,103.19,26406.0
2015-08-13,103.385,103.298,103.63,103.223,48469.0
2015-08-14,103.34,103.248,103.405,103.22,33614.0
2015-08-17,103.215,102.908,103.279,102.83,12781.0
2015-08-18,102.989,102.525,102.989,102.49,26995.0
2015-08-19,102.439,102.588,102.59,102.439,153487.0
2015-08-20,102.53,102.576,102.628,102.521,173871.0
2015-08-21,102.49,102.603,102.68,102.49,51376.0
2015-08-24,102.478,102.773,102.99,102.478,34663.0
2015-08-25,102.674,102.89,103.009,102.674,86529.0
2015-08-26,102.7,102.99,103.178,102.695,102462.0
2015-08-27,103.088,103.268,103.271,102.903,74265.0
2015-08-28,103.182,103.422,103.54,102.99,21280.0
2015-08-31,103.422,103.656,103.92,103.342,153936.0
2015-09-01,103.74,104.02,104.04,103.676,94819.0
2015-09-02,103.99,104.005,104.27,103.889,28987.0
2015-09-07,103.998,103.909,104.803,103.47,82456.0
2015-09-08,103.885,103.529,103.91,103.492,103619.0
2015-09-09,103.525,103.557,103.627,103.525,133255.0
2015-09-10,103.581,103.34,103.581,103.33,56820.0
2015-09-11,103.389,103.104,103.47,103.024,94782.0
2015-09-14,103.099,103.279,103.279,103.099,119552.0
2015-09-15,103.3,103.318,103.416,103.204,128676.0
2015-09-16,103.315,103.29,103.49,103.211,123281.0
2015-09-17,103.24,103.262,103.388,103.24,176434.0
2015-09-18,103.289,103.248,103.289,103.207,133179.0
2015-09-21,103.29,103.267,103.31,103.249,193669.0
2015-09-22,103.268,103.195,103.286,103.19,206110.0
2015-09-23,103.2,103.211,103.215,103.191,383464.0
2015-09-24,103.211,103.205,103.222,103.181,284192.0
2015-09-25,103.21,103.168,103.21,103.138,359103.0
2015-09-28,103.161,103.191,103.3,101.09,162973.0
2015-09-29,103.19,103.319,103.32,103.181,52569.0
2015-09-30,103.407,103.581,103.616,103.32,20715.0
2015-10-08,103.6,103.469,103.6,103.308,5105.0
2015-10-09,103.58,103.75,104.059,102.79,7774.0
2015-10-12,103.44,104.33,104.339,103.44,9991.0
2015-10-13,104.165,104.192,104.688,104.165,8792.0
2015-10-14,104.289,104.513,104.672,104.211,21369.0
2015-10-15,104.729,104.341,104.729,104.32,11153.0
2015-10-16,104.28,103.906,104.32,103.84,11569.0
2015-10-19,103.902,103.954,104.0,103.812,23046.0
2015-10-20,103.98,104.479,104.486,103.98,8413.0
2015-10-21,104.45,104.389,104.53,104.193,19215.0
2015-10-22,104.388,104.296,104.398,104.2,11025.0
2015-10-23,104.297,104.429,104.623,104.277,6273.0
2015-10-26,104.17,104.554,104.594,104.17,20454.0
2015-10-27,104.69,104.74,104.78,104.562,20026.0
2015-10-28,104.74,104.93,105.109,104.74,9277.0
2015-10-29,104.89,104.638,104.974,104.59,16681.0
2015-10-30,104.62,104.695,104.727,104.6,12889.0
2015-11-02,104.695,104.726,104.864,104.628,17442.0
2015-11-03,104.44,104.663,104.71,104.44,11901.0
2015-11-04,104.654,104.296,104.654,104.246,10718.0
2015-11-05,104.325,104.282,104.325,104.15,10473.0
2015-11-06,104.284,104.112,104.284,104.03,9418.0
2015-11-09,104.111,103.104,104.111,102.39,10008.0
2015-11-10,103.378,103.391,103.454,103.06,7498.0
2015-11-11,103.416,103.807,103.815,103.378,20221.0
2015-11-12,103.79,103.903,103.99,103.664,17129.0
2015-11-13,103.94,103.893,104.005,103.853,21357.0
2015-11-16,103.92,103.922,103.989,103.83,9226.0
2015-11-17,103.922,104.04,104.04,103.834,16546.0
2015-11-18,104.039,103.843,104.04,103.835,45763.0
2015-11-19,103.825,103.902,103.908,103.791,15244.0
2015-11-20,103.86,103.913,103.987,103.853,7884.0
2015-11-23,103.891,103.912,103.964,103.82,13140.0
2015-11-24,103.908,104.158,104.221,103.899,13798.0
2015-11-25,104.158,104.163,104.338,104.112,23546.0
2015-11-26,104.163,104.385,104.537,104.163,18069.0
2015-11-27,104.423,104.333,104.461,104.29,31329.0
2015-11-30,104.325,104.468,104.558,104.29,10364.0
2015-12-01,104.471,104.323,104.482,104.273,6195.0
2015-12-02,104.423,104.49,104.63,104.42,8585.0
2015-12-03,104.528,104.525,104.574,104.463,16425.0
2015-12-04,104.608,104.506,104.636,104.446,20103.0
2015-12-07,104.501,104.561,104.638,104.501,19823.0
2015-12-08,104.561,104.615,104.639,104.515,17791.0
2015-12-09,104.615,104.601,104.64,104.592,16472.0
2015-12-10,104.603,104.647,104.713,104.602,17788.0
2015-12-11,104.619,104.649,104.68,104.619,23498.0
2015-12-14,104.65,104.52,104.65,104.503,43593.0
2015-12-15,104.467,104.594,104.618,104.467,12988.0
2015-12-16,104.579,104.675,104.682,104.511,21863.0
2015-12-17,104.675,104.711,104.768,104.635,26893.0
2015-12-18,104.69,104.99,105.061,104.44,31002.0
2015-12-21,105.096,105.411,105.436,105.059,7482.0
2015-12-22,105.409,105.349,105.412,105.3,10318.0
2015-12-23,105.342,105.391,105.49,105.23,10749.0
2015-12-24,105.401,105.538,105.59,105.363,8204.0
2015-12-25,105.581,105.49,105.619,105.46,9967.0
2015-12-28,105.491,105.955,106.076,105.49,26079.0
2015-12-29,106.065,105.888,106.07,105.772,13420.0
2015-12-30,105.803,105.857,105.87,105.66,18645.0
2015-12-31,105.854,105.735,106.087,105.692,10176.0
2016-01-04,105.777,105.436,105.798,105.284,1392.0
2016-01-05,105.433,105.33,105.436,105.301,1419.0
2016-01-06,105.292,105.365,105.41,105.292,5583.0
2016-01-07,105.36,105.481,105.513,105.36,3824.0
2016-01-08,105.454,105.74,105.75,105.452,2114.0
2016-01-11,105.74,105.79,105.868,105.74,3545.0
2016-01-12,105.832,106.082,106.09,105.832,2049.0
2016-01-13,106.09,106.214,106.24,106.03,3892.0
2016-01-14,106.344,106.075,106.422,105.96,3612.0
2016-01-15,106.077,106.178,106.265,106.076,3742.0
2016-01-18,106.116,106.059,106.191,96.063,7044.0
2016-01-19,106.039,105.77,106.077,105.59,4394.0
2016-01-20,105.78,105.733,105.811,105.546,4012.0
2016-01-21,105.698,105.987,106.038,105.67,2273.0
2016-01-22,106.035,106.002,106.09,105.925,3471.0
2016-01-25,105.963,105.857,105.963,105.773,3620.0
2016-01-26,105.811,105.918,105.963,105.774,3819.0
2016-01-27,105.808,105.719,105.91,105.702,5041.0
2016-01-28,105.717,105.646,105.72,105.552,7459.0
2016-01-29,105.62,105.696,105.768,105.615,14477.0
2016-02-01,105.728,105.694,105.728,105.691,12610.0
2016-02-02,105.701,105.679,105.963,105.621,8438.0
2016-02-03,105.696,105.8,105.808,105.623,5010.0
2016-02-04,105.799,105.764,105.805,105.714,12850.0
2016-02-05,105.798,105.795,105.84,105.759,13727.0
2016-02-15,105.848,106.0,106.002,105.809,19569.0
2016-02-16,105.98,105.996,106.089,105.9,14792.0
2016-02-17,105.99,105.999,105.999,105.9,33757.0
2016-02-18,105.963,105.932,105.989,105.891,9981.0
2016-02-19,105.925,106.029,106.063,105.924,26856.0
2016-02-22,106.03,106.025,106.29,105.998,29424.0
2016-02-23,106.001,106.087,106.098,106.001,15157.0
2016-02-24,106.14,106.256,106.267,106.054,14591.0
2016-02-25,106.27,106.169,106.349,106.09,13212.0
2016-02-26,106.235,106.252,106.267,106.165,19309.0
2016-02-29,106.238,106.263,106.363,106.237,11638.0
2016-03-01,106.265,106.42,106.446,106.259,5303.0
2016-03-02,106.52,106.46,106.588,106.401,4712.0
2016-03-03,106.093,106.388,106.411,106.093,13394.0
2016-03-04,106.381,106.325,106.45,96.39,23550.0
2016-03-07,106.17,106.289,106.359,106.17,22611.0
2016-03-08,106.291,106.311,106.347,106.289,38239.0
2016-03-09,106.32,106.39,106.43,106.32,19494.0
2016-03-10,106.39,106.529,106.54,106.362,18817.0
2016-03-11,106.54,106.827,106.901,106.54,12189.0
2016-03-14,106.79,106.562,107.186,106.539,12470.0
2016-03-15,106.563,106.526,106.62,106.405,30701.0
2016-03-16,106.54,106.711,106.73,106.531,19810.0
2016-03-17,106.72,106.71,106.809,106.687,28769.0
2016-03-18,106.69,106.709,106.752,106.64,33573.0
2016-03-21,106.66,106.604,106.7,106.542,27834.0
2016-03-22,106.61,106.72,106.755,106.61,24236.0
2016-03-23,106.715,106.84,106.9,106.69,22554.0
2016-03-24,106.85,107.084,107.09,106.84,19296.0
2016-03-25,107.11,107.205,107.27,107.06,36019.0
2016-03-28,107.195,107.247,107.88,107.192,11570.0
2016-03-29,107.214,107.289,107.476,107.21,15087.0
2016-03-30,107.29,107.35,107.385,107.278,24566.0
2016-03-31,107.37,107.32,107.439,107.22,8272.0
2016-04-01,107.379,107.632,107.649,107.319,3080.0
2016-04-05,107.633,107.468,107.739,107.418,15761.0
2016-04-06,107.493,107.5,107.531,107.451,8712.0
2016-04-07,107.5,107.413,107.569,107.4,12236.0
2016-04-08,107.39,107.41,107.463,107.381,36383.0
2016-04-11,107.4,107.413,107.439,107.38,3199.0
2016-04-12,107.397,107.386,107.431,107.37,12128.0
2016-04-13,107.343,107.198,107.377,107.19,11174.0
2016-04-14,107.193,107.04,107.264,106.945,13400.0
2016-04-15,107.087,107.034,107.087,106.975,16534.0
2016-04-18,107.034,107.104,107.151,107.034,3405.0
2016-04-19,107.105,107.15,107.174,107.105,17107.0
2016-04-20,107.115,107.019,107.13,106.984,10353.0
2016-04-21,106.886,106.543,106.888,106.465,4936.0
2016-04-22,106.561,106.515,106.591,106.494,5412.0
2016-04-25,106.477,105.92,106.477,105.91,5691.0
2016-04-26,105.92,106.089,106.1,105.897,16841.0
2016-04-27,106.086,106.187,106.238,106.084,20562.0
2016-04-28,106.239,106.534,106.535,106.239,5093.0
2016-04-29,106.534,106.579,106.59,106.52,68825.0
2016-05-03,106.581,106.642,106.642,106.58,20076.0
2016-05-04,106.63,106.62,106.674,106.59,7275.0
2016-05-05,106.635,106.693,106.7,106.635,12321.0
2016-05-06,106.689,106.623,106.689,106.543,9870.0
2016-05-09,106.626,106.711,106.804,106.626,5542.0
2016-05-10,106.766,106.872,106.885,106.766,13103.0
2016-05-11,106.879,106.937,106.948,106.879,8902.0
2016-05-12,106.927,107.132,107.133,106.915,3134.0
2016-05-13,106.989,107.194,107.216,106.989,8445.0
2016-05-16,107.179,106.916,107.315,106.89,7538.0
2016-05-17,106.897,106.934,107.018,106.897,19671.0
2016-05-18,106.932,106.822,106.94,106.79,16192.0
2016-05-19,106.771,106.725,106.801,106.671,9698.0
2016-05-20,106.715,106.87,106.876,106.715,4385.0
2016-05-23,106.734,106.776,106.934,106.733,8129.0
2016-05-24,106.75,106.789,106.8,106.735,1835.0
2016-05-25,106.784,106.843,106.863,106.761,9666.0
2016-05-26,106.833,106.773,106.833,106.736,2619.0
2016-05-27,106.79,106.786,106.823,106.74,22577.0
2016-05-30,106.789,106.743,106.808,106.702,15113.0
2016-05-31,106.701,106.781,106.783,106.701,15822.0
2016-06-01,106.77,106.794,106.805,106.695,4938.0
2016-06-02,106.79,106.69,106.79,106.623,9458.0
2016-06-03,106.621,106.645,106.722,106.621,26439.0
2016-06-06,106.645,106.661,106.676,106.641,9183.0
2016-06-07,106.664,106.684,106.731,106.647,13217.0
2016-06-08,106.673,106.787,106.796,106.673,3131.0
2016-06-13,106.77,106.8,106.827,106.695,3352.0
2016-06-14,106.748,106.968,106.998,106.734,2070.0
2016-06-15,106.925,106.982,107.024,106.923,7661.0
2016-06-16,106.98,107.067,107.073,106.98,3250.0
2016-06-17,107.02,107.113,107.149,107.002,2980.0
2016-06-20,107.076,107.013,107.093,106.85,3915.0
2016-06-21,107.01,107.027,107.087,106.931,5733.0
2016-06-22,107.075,107.092,107.131,107.075,7264.0
2016-06-23,107.104,107.146,107.16,107.104,6089.0
2016-06-24,107.161,107.313,107.36,107.161,6516.0
2016-06-27,107.303,107.544,107.556,107.303,4054.0
2016-06-28,107.562,107.52,107.67,107.516,8883.0
2016-06-29,107.49,107.44,107.49,107.293,4091.0
2016-06-30,107.419,107.449,107.47,107.29,6856.0
2016-07-01,107.455,107.74,107.787,107.455,4998.0
2016-07-04,107.81,107.74,107.81,107.73,5586.0
2016-07-05,107.719,107.747,107.775,107.719,4237.0
2016-07-06,107.747,107.882,108.108,107.728,2153.0
2016-07-07,107.904,107.991,108.096,107.841,3408.0
2016-07-08,108.06,107.888,108.1,107.882,8211.0
2016-07-11,107.892,107.852,107.9,107.792,10955.0
2016-07-12,107.84,107.807,107.88,107.74,7639.0
2016-07-13,107.778,107.751,107.797,107.739,8705.0
2016-07-14,107.748,107.781,107.798,107.741,14184.0
2016-07-15,107.781,107.916,107.918,107.781,6741.0
2016-07-18,107.872,107.943,107.967,107.872,10673.0
2016-07-19,107.943,108.019,108.038,107.942,11973.0
2016-07-20,108.042,108.086,108.12,108.04,13128.0
2016-07-21,108.216,108.15,108.216,108.093,24598.0
2016-07-22,108.197,108.13,108.197,108.09,36043.0
2016-07-25,108.096,108.117,108.188,108.096,16719.0
2016-07-26,108.117,108.187,108.188,108.117,21706.0
2016-07-27,108.213,108.208,108.213,108.169,40183.0
2016-07-28,108.19,108.237,108.279,108.15,29264.0
2016-07-29,108.285,108.31,108.31,108.21,23243.0
2016-08-01,108.295,108.539,108.54,108.295,5251.0
2016-08-02,108.485,108.506,108.67,108.485,13983.0
2016-08-03,108.509,108.517,108.565,108.309,22987.0
2016-08-04,108.549,108.461,108.556,108.442,16689.0
2016-08-05,108.443,108.608,108.631,108.443,25824.0
2016-08-08,108.67,108.68,108.79,108.626,34323.0
2016-08-09,108.678,108.864,108.864,108.678,44242.0
2016-08-10,108.889,109.017,109.488,108.888,39355.0
2016-08-11,109.045,108.95,109.092,108.895,29491.0
2016-08-12,108.953,108.926,108.999,108.842,25654.0
2016-08-15,108.923,108.762,109.0,108.67,14171.0
2016-08-16,108.875,108.913,108.93,108.755,10950.0
2016-08-17,108.89,108.935,108.978,108.877,9263.0
2016-08-18,108.936,108.869,108.941,108.849,8589.0
2016-08-19,108.907,108.736,108.907,108.73,14903.0
2016-08-22,108.725,108.84,108.856,108.695,10997.0
2016-08-23,108.857,108.778,108.857,108.37,28195.0
2016-08-24,108.778,108.566,108.835,108.541,42604.0
2016-08-25,108.612,108.571,108.612,108.523,43321.0
2016-08-26,108.61,108.698,108.705,108.576,47620.0
2016-08-29,108.704,108.74,108.779,108.658,32895.0
2016-08-30,108.732,108.679,108.758,108.609,37862.0
2016-08-31,108.7,108.687,108.749,108.478,31081.0
2016-09-01,108.69,108.551,108.737,108.497,14905.0
2016-09-02,108.601,108.541,108.601,108.512,8424.0
2016-09-05,108.578,108.563,108.588,108.529,11488.0
2016-09-06,108.572,108.411,108.572,108.404,9832.0
2016-09-07,108.418,108.446,108.469,108.4,17429.0
2016-09-08,108.44,108.49,108.496,108.44,13101.0
2016-09-09,108.47,108.656,108.664,108.47,14810.0
2016-09-12,108.58,108.522,108.58,108.145,9410.0
2016-09-13,108.522,108.575,108.588,108.475,35354.0
2016-09-14,108.611,108.674,108.758,108.578,30607.0
2016-09-19,108.73,108.701,108.73,108.661,34088.0
2016-09-20,108.718,108.762,108.787,108.698,41204.0
2016-09-21,108.803,108.744,108.818,108.698,29770.0
2016-09-22,108.769,108.74,108.769,108.699,38309.0
2016-09-23,108.75,108.763,108.777,108.713,36574.0
2016-09-26,108.766,108.793,108.82,108.76,22974.0
2016-09-27,108.793,108.811,108.85,108.793,44841.0
2016-09-28,108.809,108.879,108.88,108.807,39331.0
2016-09-29,108.841,108.984,109.45,108.841,52015.0
2016-09-30,109.082,109.047,109.168,109.0,19180.0
2016-10-10,109.035,109.065,109.089,109.012,6882.0
2016-10-11,109.071,109.087,109.188,109.046,20478.0
2016-10-12,109.122,109.088,109.137,109.032,22252.0
2016-10-13,109.084,109.117,109.159,109.061,26311.0
2016-10-14,109.133,109.207,109.22,109.117,25524.0
2016-10-17,109.327,109.305,109.328,109.253,26837.0
2016-10-18,109.325,109.32,109.33,109.295,22623.0
2016-10-19,109.311,109.364,109.413,109.309,26323.0
2016-10-20,109.448,109.497,109.538,109.423,32677.0
2016-10-21,109.561,109.652,109.675,109.498,27411.0
2016-10-24,109.825,109.647,109.89,109.623,22238.0
2016-10-25,109.673,109.538,109.68,109.527,27578.0
2016-10-26,109.517,109.384,109.552,109.316,28149.0
2016-10-27,109.399,109.223,109.522,109.02,34442.0
2016-10-28,109.251,109.414,109.425,109.251,32601.0
2016-10-31,109.414,109.353,109.42,109.22,27721.0
2016-11-01,109.388,109.391,109.648,109.33,31251.0
2016-11-02,109.435,109.301,109.435,109.24,31589.0
2016-11-03,109.31,109.369,109.38,109.304,34479.0
2016-11-04,109.37,109.501,109.539,109.361,31878.0
2016-11-07,109.482,109.384,109.554,109.31,38716.0
2016-11-08,109.384,109.377,109.408,109.02,33097.0
2016-11-09,109.367,109.405,109.449,109.3,33329.0
2016-11-10,109.405,109.342,109.405,109.312,44785.0
2016-11-11,109.25,109.359,109.365,109.25,39822.0
2016-11-14,109.329,109.071,109.385,108.941,42929.0
2016-11-15,108.901,108.8,108.988,108.764,43634.0
2016-11-16,108.804,108.813,108.927,108.77,32348.0
2016-11-17,108.813,108.618,108.813,108.51,38898.0
2016-11-18,108.61,108.391,108.624,108.39,42826.0
2016-11-21,108.419,108.464,108.48,108.363,55152.0
2016-11-22,108.464,108.583,108.616,108.464,59201.0
2016-11-23,108.612,108.651,108.9,108.59,41439.0
2016-11-24,108.651,108.444,108.651,108.401,84122.0
2016-11-25,108.414,108.187,108.515,108.113,42067.0
2016-11-28,108.171,108.208,108.388,108.156,73152.0
2016-11-29,108.196,107.595,108.328,107.494,53952.0
2016-11-30,107.676,107.584,107.83,107.5,46023.0
2016-12-01,107.591,107.567,107.65,107.55,109803.0
2016-12-02,107.571,107.594,107.787,107.567,91159.0
2016-12-05,107.617,107.554,107.668,107.541,84224.0
2016-12-06,107.508,107.431,107.59,107.408,70502.0
2016-12-07,107.41,107.388,107.44,107.3,42920.0
2016-12-08,107.413,107.474,107.688,107.4,52558.0
2016-12-09,107.493,107.423,107.718,107.29,40081.0
2016-12-12,107.423,106.627,107.488,106.605,41418.0
2016-12-13,106.514,106.288,106.67,106.101,34114.0
2016-12-14,106.341,105.92,106.341,105.902,27945.0
2016-12-15,105.858,104.075,105.858,102.935,29631.0
2016-12-16,104.09,104.534,104.89,104.09,37799.0
2016-12-19,104.508,105.173,105.699,104.279,46045.0
2016-12-20,104.79,105.072,105.34,104.561,46408.0
2016-12-21,105.89,105.774,105.946,105.216,39248.0
2016-12-22,105.777,106.039,106.24,105.573,37616.0
2016-12-23,106.05,105.767,106.05,105.74,41716.0
2016-12-26,105.785,105.769,105.98,105.66,46181.0
2016-12-27,105.702,105.886,105.957,105.7,57193.0
2016-12-28,106.329,106.13,106.329,105.891,54976.0
2016-12-29,106.206,106.571,106.586,106.206,54012.0
2016-12-30,106.605,106.609,106.89,106.572,27574.0
2017-01-03,106.69,106.606,106.69,106.565,6823.0
2017-01-04,106.61,106.479,106.67,106.441,6768.0
2017-01-05,106.48,106.505,106.688,106.34,8986.0
2017-01-06,106.5,106.503,106.69,106.29,13258.0
2017-01-09,106.504,106.552,106.59,106.452,8632.0
2017-01-10,106.655,106.595,106.655,106.55,17546.0
2017-01-11,106.597,106.55,106.684,106.501,10748.0
2017-01-12,106.598,106.616,106.741,106.55,9132.0
2017-01-13,106.639,106.644,106.666,106.593,9300.0
2017-01-16,106.646,106.274,106.781,106.26,5041.0
2017-01-17,106.274,106.319,106.864,106.235,13865.0
2017-01-18,106.356,106.43,106.483,106.34,15952.0
2017-01-19,106.431,106.615,106.69,106.431,14928.0
2017-01-20,106.575,106.771,106.788,106.49,8281.0
2017-01-23,106.791,107.039,107.05,106.791,6647.0
2017-01-24,107.041,106.772,107.85,106.7,8034.0
2017-01-25,106.716,106.593,106.717,106.491,8165.0
2017-01-26,106.598,106.766,106.788,106.56,5639.0
2017-02-03,106.653,106.717,106.763,106.653,17229.0
2017-02-06,106.718,106.605,106.785,106.59,14583.0
2017-02-07,106.626,106.585,106.675,106.57,32065.0
2017-02-08,106.588,106.564,106.589,106.56,42249.0
2017-02-09,106.564,106.489,106.592,106.465,5533.0
2017-02-10,106.489,106.189,106.505,106.181,4052.0
2017-02-13,106.379,106.262,106.379,106.122,4283.0
2017-02-14,106.31,106.276,106.327,106.26,37619.0
2017-02-15,106.276,106.49,106.508,106.2,12198.0
2017-02-16,106.481,106.719,106.736,106.411,7206.0
2017-02-17,106.71,106.671,106.848,106.648,9410.0
2017-02-20,106.715,106.606,106.746,106.59,10026.0
2017-02-21,106.657,106.658,106.785,106.606,25359.0
2017-02-22,106.712,106.79,106.86,106.639,28079.0
2017-02-23,106.769,106.961,107.289,106.716,7984.0
2017-02-24,107.067,106.814,107.168,106.065,26911.0
2017-02-27,106.84,106.902,106.938,106.838,37468.0
2017-02-28,106.811,107.021,107.134,106.79,23385.0
2017-03-01,107.021,107.049,107.165,107.01,26937.0
2017-03-02,107.017,106.854,107.108,106.846,32838.0
2017-03-03,106.94,106.91,107.05,106.859,32065.0
2017-03-06,106.94,106.811,106.94,106.803,76991.0
2017-03-07,106.836,106.833,106.927,106.793,21146.0
2017-03-08,106.849,106.841,106.866,106.826,32968.0
2017-03-09,106.84,106.77,106.851,106.77,15776.0
2017-03-10,106.711,106.49,106.818,105.891,6654.0
2017-03-13,106.421,106.347,106.705,106.291,7627.0
2017-03-14,106.427,106.549,106.628,106.35,13184.0
2017-03-15,106.549,106.444,106.626,106.413,18782.0
2017-03-16,106.451,106.772,107.064,106.451,15591.0
2017-03-17,106.83,106.793,106.945,106.64,26406.0
2017-03-20,106.74,106.829,106.91,106.74,20499.0
2017-03-21,106.819,106.67,106.819,106.558,40454.0
2017-03-22,106.671,106.662,106.756,106.609,35133.0
2017-03-23,106.651,106.71,106.769,106.629,34647.0
2017-03-24,106.71,106.923,106.971,106.684,28226.0
2017-03-27,106.873,106.979,107.078,106.873,28449.0
2017-03-28,107.09,106.809,107.091,105.989,43831.0
2017-03-29,106.796,106.821,106.94,106.104,46783.0
2017-03-30,106.82,106.516,107.016,106.428,36700.0
2017-03-31,106.566,106.713,106.925,106.566,30365.0
2017-04-05,106.726,106.7,106.902,106.69,21898.0
2017-04-06,106.776,106.788,106.839,106.712,20243.0
2017-04-07,106.81,106.831,106.9,106.764,26811.0
2017-04-10,106.803,106.878,106.889,106.794,26035.0
2017-04-11,106.811,106.815,106.92,106.796,34111.0
2017-04-12,106.813,106.789,106.851,106.76,28622.0
2017-04-13,106.809,106.806,106.839,106.719,29761.0
2017-04-14,106.83,106.83,106.86,106.811,31326.0
2017-04-17,106.83,106.587,106.83,106.484,10569.0
2017-04-18,106.513,106.49,106.57,106.302,40356.0
2017-04-19,106.453,106.346,106.51,106.29,22097.0
2017-04-20,106.398,106.278,106.454,106.14,14681.0
2017-04-21,106.428,106.164,106.428,106.108,18415.0
2017-04-24,106.123,105.924,106.123,105.906,21564.0
2017-04-25,105.925,105.958,106.033,105.49,16473.0
2017-04-26,105.901,105.973,106.104,105.901,20903.0
2017-04-27,105.955,105.837,106.025,105.74,18400.0
2017-04-28,105.896,105.879,105.99,105.851,17873.0
2017-05-02,105.938,105.94,106.103,105.881,65972.0
2017-05-03,105.94,105.799,105.94,105.79,76713.0
2017-05-04,105.8,105.478,105.8,105.415,73450.0
2017-05-05,105.42,105.363,105.468,105.29,80639.0
2017-05-08,105.346,105.09,105.39,105.05,66156.0
2017-05-09,105.186,105.12,105.19,105.045,74351.0
2017-05-10,105.13,104.712,105.13,104.603,58933.0
2017-05-11,104.672,104.834,104.886,104.627,67952.0
2017-05-12,104.744,104.79,105.015,104.584,59283.0
2017-05-15,104.835,104.923,105.02,104.79,68001.0
2017-05-16,104.728,104.771,104.99,104.69,70420.0
2017-05-17,104.751,104.695,104.888,104.61,54960.0
2017-05-18,104.611,104.879,104.92,104.611,74279.0
2017-05-19,104.87,104.528,104.881,104.39,76591.0
2017-05-22,104.656,104.426,104.656,104.401,77946.0
2017-05-23,104.486,104.4,104.584,104.359,79650.0
2017-05-24,104.372,104.599,104.736,104.372,80735.0
2017-05-25,104.599,105.09,105.189,104.599,86671.0
2017-05-26,104.971,104.939,105.198,104.901,36074.0
2017-05-31,104.941,105.124,105.191,104.941,76162.0
2017-06-01,105.084,105.403,105.499,105.084,94995.0
2017-06-02,105.311,105.619,105.739,105.311,96224.0
2017-06-05,105.622,105.712,105.901,105.591,70397.0
2017-06-06,105.724,105.62,105.978,105.475,69512.0
2017-06-07,105.615,105.536,105.81,105.405,73789.0
2017-06-08,105.551,105.447,105.657,105.395,86305.0
2017-06-09,105.447,105.58,105.708,105.309,53669.0
2017-06-12,105.521,105.743,105.976,105.512,80149.0
2017-06-13,105.805,105.785,105.988,105.74,84222.0
2017-06-14,105.789,105.893,105.945,105.788,108792.0
2017-06-15,105.911,105.998,106.15,105.903,115706.0
2017-06-16,105.991,105.851,106.3,105.757,84909.0
2017-06-19,105.832,106.007,106.119,105.801,137647.0
2017-06-20,106.043,106.068,106.301,105.965,163726.0
2017-06-21,106.168,105.886,106.168,105.886,130459.0
2017-06-22,105.889,105.709,105.939,105.25,117949.0
2017-06-23,105.884,105.707,105.887,105.64,145463.0
2017-06-26,105.678,105.786,105.97,105.61,116061.0
2017-06-27,105.796,105.978,106.147,105.796,138624.0
2017-06-28,105.958,105.931,106.139,105.929,159499.0
2017-06-29,105.961,105.802,106.089,105.8,112254.0
2017-06-30,105.75,105.618,105.873,105.6,92026.0
2017-07-03,105.719,105.709,105.788,105.646,99762.0
2017-07-04,105.711,105.778,105.798,105.599,80441.0
2017-07-05,105.741,105.693,105.765,105.613,72939.0
2017-07-06,105.54,105.882,105.989,105.523,94484.0
2017-07-07,105.84,105.869,105.977,105.791,79787.0
2017-07-10,105.891,105.747,105.918,105.72,56466.0
2017-07-11,105.717,105.8,105.852,105.717,58552.0
2017-07-12,105.766,105.796,105.921,105.766,87871.0
2017-07-13,105.776,105.707,105.876,105.692,101599.0
2017-07-14,105.741,105.678,105.827,105.662,60785.0
2017-07-17,105.768,105.728,105.84,105.664,66906.0
2017-07-18,105.728,105.447,105.732,105.391,76041.0
2017-07-19,105.489,105.522,105.643,105.444,102728.0
2017-07-20,105.515,105.598,105.722,105.515,111925.0
2017-07-21,105.598,105.634,105.724,105.598,112272.0
2017-07-24,105.611,105.577,105.704,105.51,97034.0
2017-07-25,105.595,105.53,105.64,105.475,91923.0
2017-07-26,105.541,105.534,105.568,105.501,98009.0
2017-07-27,105.451,105.562,105.64,105.451,158983.0
2017-07-28,105.56,105.566,105.64,105.542,88996.0
2017-07-31,105.571,105.57,105.647,105.56,101965.0
2017-08-01,105.56,105.654,105.682,105.56,83845.0
2017-08-02,105.656,105.659,105.677,105.617,103253.0
2017-08-03,105.66,105.66,105.692,105.601,110673.0
2017-08-04,105.665,105.783,105.79,105.644,83598.0
2017-08-07,105.772,105.759,105.985,105.29,41593.0
2017-08-08,105.731,105.65,105.846,105.491,49649.0
2017-08-09,105.695,105.654,105.729,105.592,61497.0
2017-08-10,105.66,105.666,105.696,105.629,72445.0
2017-08-11,105.669,105.755,105.76,105.604,73430.0
2017-08-14,105.767,105.804,105.826,105.729,64589.0
2017-08-15,105.828,105.989,106.029,105.805,59310.0
2017-08-16,105.991,105.731,106.028,105.728,42656.0
2017-08-17,105.81,105.834,105.89,105.74,68852.0
2017-08-18,105.862,105.853,105.884,105.791,71383.0
2017-08-21,105.815,105.814,105.875,105.768,60846.0
2017-08-22,105.802,105.817,105.835,105.778,79375.0
2017-08-23,105.817,105.89,105.952,105.817,65179.0
2017-08-24,105.876,105.883,105.984,105.855,74517.0
2017-08-25,105.856,105.908,105.911,105.843,67297.0
2017-08-28,105.908,105.876,105.921,105.85,27447.0
2017-08-29,105.881,105.853,105.889,105.8,63492.0
2017-08-30,105.852,105.826,105.876,105.78,69096.0
2017-08-31,105.835,105.781,105.836,105.771,66157.0
2017-09-01,105.788,105.841,105.859,105.78,21475.0
2017-09-04,105.821,105.884,105.924,105.816,57552.0
2017-09-05,105.878,105.813,105.878,105.79,53323.0
2017-09-06,105.824,105.884,105.923,105.758,52796.0
2017-09-07,105.935,105.933,105.935,105.879,60926.0
2017-09-08,105.935,106.041,106.14,105.928,44473.0
2017-09-11,106.067,106.058,106.14,106.04,72527.0
2017-09-12,106.054,106.034,106.171,105.895,47757.0
2017-09-13,106.028,105.934,106.049,105.903,65332.0
2017-09-14,105.972,106.002,106.023,105.918,44774.0
2017-09-15,106.011,105.98,106.049,105.938,38360.0
2017-09-18,105.97,105.904,106.001,105.852,14692.0
2017-09-19,105.937,105.911,105.937,105.648,27061.0
2017-09-20,105.911,105.784,105.932,105.761,17671.0
2017-09-21,105.789,105.746,105.818,105.718,24856.0
2017-09-22,105.76,105.778,105.8,105.702,13686.0
2017-09-25,105.79,105.834,105.84,105.765,6779.0
2017-09-26,105.834,105.855,105.861,105.763,3849.0
2017-09-27,105.855,105.775,105.855,105.726,4076.0
2017-09-28,105.78,105.798,105.874,105.78,3841.0
2017-09-29,105.805,105.76,105.874,105.75,1388.0
2017-10-09,105.788,105.74,105.788,105.71,1779.0
2017-10-10,105.74,105.77,105.84,105.735,2850.0
2017-10-11,105.781,105.783,105.87,105.76,4335.0
2017-10-12,105.8,105.755,105.839,105.742,3847.0
2017-10-13,105.755,105.747,105.782,105.74,2397.0
2017-10-16,105.721,105.673,105.74,105.651,1531.0
2017-10-17,105.678,105.665,105.705,105.651,885.0
2017-10-18,105.661,105.506,105.661,105.496,567.0
2017-10-19,105.57,105.59,105.64,105.498,949.0
2017-10-20,105.595,105.605,105.651,105.543,219.0
2017-10-23,105.605,105.55,105.605,105.498,275.0
2017-10-24,105.556,105.543,105.585,105.512,243.0
2017-10-25,105.55,105.505,105.555,105.5,25469.0
2017-10-26,105.497,105.399,105.497,105.192,38676.0
2017-10-27,105.257,105.241,105.484,105.201,10790.0
2017-10-30,105.192,105.023,105.268,104.973,47014.0
2017-10-31,105.116,105.164,105.278,105.048,47034.0
2017-11-01,105.25,105.147,105.25,105.145,28865.0
2017-11-02,105.413,105.104,105.413,105.092,8271.0
2017-11-03,105.13,104.893,105.13,104.533,35765.0
2017-11-06,104.9,104.989,105.035,104.692,2664.0
2017-11-07,104.989,105.094,105.118,104.82,3648.0
2017-11-08,105.124,105.256,105.42,105.01,4231.0
2017-11-09,105.29,105.242,105.34,105.21,4129.0
2017-11-10,105.339,105.41,105.84,105.242,4407.0
2017-11-13,105.39,105.097,105.49,105.091,7698.0
2017-11-14,105.097,104.968,105.84,104.779,14075.0
2017-11-15,104.995,105.019,105.07,104.89,17621.0
2017-11-16,105.07,105.141,105.205,105.05,17969.0
2017-11-17,105.141,105.178,105.254,104.906,17646.0
2017-11-20,105.178,105.081,105.259,104.947,16429.0
2017-11-21,105.187,105.034,105.344,104.969,14894.0
2017-11-22,104.99,104.834,105.03,104.803,14557.0
2017-11-23,104.641,104.724,104.855,104.641,8836.0
2017-11-24,104.724,104.809,104.889,104.7,11811.0
2017-11-27,104.726,104.94,105.029,104.726,6281.0
2017-11-28,104.889,105.008,105.185,104.795,17143.0
2017-11-29,105.008,105.131,105.188,104.953,19613.0
2017-11-30,105.078,105.085,105.34,105.04,21847.0
2017-12-01,105.184,105.215,105.342,104.99,24747.0
2017-12-04,105.32,105.363,105.489,105.206,30408.0
2017-12-05,105.32,105.5,105.64,105.32,26725.0
2017-12-06,105.638,104.776,105.767,97.895,25036.0
2017-12-07,105.42,105.342,105.42,105.29,45509.0
2017-12-08,105.293,105.261,105.48,105.09,22627.0
2017-12-11,104.988,105.242,105.376,104.988,39577.0
2017-12-12,105.29,105.19,105.396,105.12,21808.0
2017-12-13,105.012,105.201,105.369,105.012,27809.0
2017-12-14,105.335,105.233,105.339,105.215,13400.0
2017-12-15,105.112,105.259,105.54,105.112,30661.0
2017-12-18,105.3,105.327,105.56,105.29,18601.0
2017-12-19,105.41,105.416,105.567,105.355,25424.0
2017-12-20,105.485,105.41,105.51,105.354,19409.0
2017-12-21,105.478,105.392,105.496,105.298,20217.0
2017-12-22,105.226,105.434,105.496,105.226,18595.0
2017-12-25,105.434,105.462,105.555,105.396,17604.0
2017-12-26,105.428,105.481,105.685,105.428,25431.0
2017-12-27,105.441,105.495,105.6,105.4,25709.0
2017-12-28,105.589,105.088,105.589,104.956,4544.0
2017-12-29,105.378,105.276,105.378,105.045,1788.0
2018-01-02,105.496,105.41,105.496,105.339,2481.0
2018-01-03,105.41,105.454,105.551,105.346,1733.0
2018-01-04,105.42,105.474,105.477,105.411,4769.0
2018-01-05,105.476,105.483,105.491,105.44,908.0
2018-01-08,105.483,105.546,105.569,105.48,830.0
2018-01-09,105.547,105.567,105.573,105.546,1565.0
2018-01-10,105.628,105.559,105.63,105.533,6710.0
2018-01-11,105.559,105.461,105.559,105.431,466.0
2018-01-12,105.52,105.557,105.591,105.44,1754.0
2018-01-15,105.496,105.432,105.51,105.43,1156.0
2018-01-16,105.449,105.435,105.571,105.422,1677.0
2018-01-17,105.435,105.421,105.487,105.29,822.0
2018-01-18,105.469,105.304,105.469,105.301,772.0
2018-01-19,105.344,105.447,105.46,105.301,1358.0
2018-01-22,105.346,105.535,106.256,105.346,1684.0
2018-01-23,105.46,105.576,105.61,105.435,2207.0
2018-01-24,105.577,105.705,106.047,105.499,1704.0
2018-01-25,105.681,105.798,105.876,105.621,2027.0
2018-01-26,105.787,105.827,105.95,105.787,1739.0
2018-01-29,105.825,105.882,105.953,105.825,1250.0
2018-01-30,105.882,105.876,105.918,105.823,738.0
2018-01-31,105.876,105.735,105.876,105.589,2080.0
2018-02-01,105.627,105.758,105.775,105.627,282.0
2018-02-02,105.653,105.81,105.81,105.653,4942.0
2018-02-05,105.876,105.886,105.893,105.821,3683.0
2018-02-06,105.952,105.872,106.104,105.866,4565.0
2018-02-07,105.811,105.937,105.952,105.809,6800.0
2018-02-08,105.937,105.929,105.983,105.885,8777.0
2018-02-09,105.933,106.279,106.484,105.931,2721.0
2018-02-12,106.264,106.404,106.405,106.18,2497.0
2018-02-13,106.271,106.402,106.41,106.262,4771.0
2018-02-14,106.403,106.41,106.411,106.26,3517.0
2018-02-22,106.334,106.259,106.477,106.25,4093.0
2018-02-23,106.18,106.218,106.318,106.18,5301.0
2018-02-26,106.181,106.263,106.31,106.181,13750.0
2018-02-27,106.279,106.384,106.482,106.279,12562.0
2018-02-28,106.385,106.536,106.564,106.378,12669.0
2018-03-01,106.606,106.79,106.887,106.54,14666.0
2018-03-02,106.79,106.866,106.896,106.788,17231.0
2018-03-05,106.885,106.885,107.065,106.829,19170.0
2018-03-06,106.88,106.889,106.937,106.791,11922.0
2018-03-07,106.788,106.827,106.887,106.714,6382.0
2018-03-08,106.947,106.86,106.947,106.794,18306.0
2018-03-09,106.871,106.751,106.94,106.745,10641.0
2018-03-12,106.763,106.733,106.959,106.733,17867.0
2018-03-13,106.744,106.703,106.76,106.696,28907.0
2018-03-14,106.713,106.654,106.787,106.653,28136.0
2018-03-15,106.685,106.669,106.706,106.607,7475.0
2018-03-16,106.698,106.705,106.739,106.653,15677.0
2018-03-19,106.75,106.742,106.97,106.708,9281.0
2018-03-20,106.713,106.719,106.783,106.71,38944.0
2018-03-21,106.72,106.721,106.739,106.719,47778.0
2018-03-22,106.723,106.722,106.733,106.718,54212.0
2018-03-23,106.725,106.94,106.985,106.721,12484.0
2018-03-26,106.933,107.387,107.668,106.933,9502.0
2018-03-27,107.086,107.229,107.506,107.061,7244.0
2018-03-28,107.207,107.178,107.42,107.14,16146.0
2018-03-29,107.225,106.899,107.248,106.695,4538.0
2018-03-30,107.05,107.103,107.193,107.011,13269.0
2018-04-02,107.092,107.084,107.156,107.07,36205.0
2018-04-03,107.093,107.196,107.274,107.093,6435.0
2018-04-04,107.205,107.224,107.277,107.196,19593.0
2018-04-09,107.227,107.382,107.423,107.227,1345.0
2018-04-10,107.482,107.396,107.482,107.367,1837.0
2018-04-11,107.399,107.407,107.54,107.396,7002.0
2018-04-12,107.405,107.476,107.49,107.405,5127.0
2018-04-13,107.476,107.666,107.776,107.476,973.0
2018-04-16,107.887,107.976,108.008,107.737,1743.0
2018-04-17,107.887,107.894,108.037,107.841,1359.0
2018-04-18,107.947,108.384,108.884,107.947,1452.0
2018-04-19,108.392,108.154,108.44,108.103,1412.0
2018-04-20,108.043,108.005,108.117,107.971,5192.0
2018-04-23,108.027,107.995,108.244,107.912,4698.0
2018-04-24,107.995,108.142,108.198,107.995,6329.0
2018-04-25,108.154,108.234,108.529,108.154,10004.0
2018-04-26,108.234,108.201,108.318,108.184,14634.0
2018-04-27,108.201,108.249,108.449,108.058,25858.0
2018-05-02,108.257,108.165,108.285,108.093,19186.0
2018-05-03,108.195,108.318,108.39,108.187,18586.0
2018-05-04,108.326,108.191,108.643,108.056,18581.0
2018-05-07,108.228,108.192,108.268,108.101,10669.0
2018-05-08,108.188,108.092,108.19,108.082,18985.0
2018-05-09,108.092,107.897,108.094,107.816,17186.0
2018-05-10,107.936,107.901,107.949,107.87,23330.0
2018-05-11,107.896,107.973,108.011,107.887,21514.0
2018-05-14,107.995,107.979,108.04,107.96,17524.0
2018-05-15,108.005,107.956,108.008,107.942,19779.0
2018-05-16,107.961,107.977,108.011,107.94,15872.0
2018-05-17,107.97,107.934,107.976,107.926,21439.0
2018-05-18,107.935,107.937,107.996,107.935,17727.0
2018-05-21,107.94,107.953,107.979,107.907,17500.0
2018-05-22,107.953,108.006,108.08,107.952,17160.0
2018-05-23,108.01,108.104,108.115,108.01,10214.0
2018-05-24,108.106,108.185,108.227,108.106,7345.0
2018-05-25,108.185,108.383,108.39,108.176,6434.0
2018-05-28,108.344,108.2,108.43,108.175,5367.0
2018-05-29,108.19,108.062,108.279,108.031,2110.0
2018-05-30,108.062,108.028,108.381,107.981,3546.0
2018-05-31,108.07,108.039,108.139,107.99,4528.0
2018-06-01,108.09,108.079,108.138,108.005,5917.0
2018-06-04,108.078,108.163,108.163,108.041,18088.0
2018-06-05,108.156,108.044,108.19,107.893,11969.0
2018-06-06,108.057,108.037,108.089,107.989,5487.0
2018-06-07,107.99,108.008,108.04,107.981,8675.0
2018-06-08,108.039,108.021,108.135,108.006,10738.0
2018-06-11,108.06,108.135,108.184,108.06,8669.0
2018-06-12,108.123,107.97,108.149,107.94,9708.0
2018-06-13,108.05,107.983,108.079,107.941,6630.0
2018-06-14,108.006,107.987,108.167,107.982,8706.0
2018-06-15,108.082,108.046,108.178,108.04,7653.0
2018-06-19,108.131,108.308,108.34,108.032,2749.0
2018-06-20,108.29,108.293,108.3,108.17,2758.0
2018-06-21,108.164,108.23,108.381,108.164,1575.0
2018-06-22,108.23,108.306,108.339,108.194,1605.0
2018-06-25,108.307,108.452,108.487,108.302,3792.0
2018-06-26,108.44,108.5,108.586,108.44,4095.0
2018-06-27,108.503,108.437,108.586,108.39,11315.0
2018-06-28,108.442,108.129,108.577,108.095,8704.0
2018-06-29,108.145,108.746,108.78,108.145,12571.0
2018-07-02,108.74,108.732,108.79,108.517,9821.0
2018-07-03,108.884,108.663,108.884,108.591,6031.0
2018-07-04,108.7,108.89,109.04,108.627,8184.0
2018-07-05,108.99,108.886,109.036,108.77,5153.0
2018-07-06,108.651,108.881,108.89,108.651,4192.0
2018-07-09,108.881,108.825,109.14,108.793,14244.0
2018-07-10,108.84,108.731,108.888,108.63,15711.0
2018-07-11,108.782,108.696,108.8,108.69,14166.0
2018-07-12,108.699,108.663,109.09,108.595,13618.0
2018-07-13,108.72,108.788,108.84,108.65,18492.0
2018-07-16,108.84,108.987,109.048,108.771,14123.0
2018-07-17,108.79,109.133,109.643,108.79,17863.0
2018-07-18,109.09,109.171,109.326,109.03,22353.0
2018-07-19,109.013,109.288,109.457,109.012,14883.0
2018-07-20,109.29,109.24,110.235,109.04,22135.0
2018-07-23,108.99,109.349,109.44,108.99,15963.0
2018-07-24,109.29,109.102,109.379,108.88,17885.0
2018-07-25,109.102,109.115,109.17,108.915,16992.0
2018-07-26,108.9,109.3,109.31,108.89,6798.0
2018-07-27,109.256,109.129,109.409,109.04,15482.0
2018-07-30,109.255,109.2,109.39,109.145,17284.0
2018-07-31,109.338,109.308,109.338,109.211,15789.0
2018-08-01,109.34,109.6,109.621,109.297,15995.0
2018-08-02,109.65,109.687,109.886,109.54,24763.0
2018-08-03,109.69,109.783,109.99,109.69,8844.0
2018-08-06,109.88,109.86,109.957,109.591,23813.0
2018-08-07,109.889,109.925,109.977,109.71,16342.0
2018-08-08,110.04,109.81,110.06,109.787,16130.0
2018-08-09,109.86,109.667,109.88,109.656,11951.0
2018-08-10,109.652,109.54,109.709,109.406,10527.0
2018-08-13,109.54,109.4,109.636,109.344,10429.0
2018-08-14,109.4,109.65,109.687,109.354,11486.0
2018-08-15,109.791,109.311,109.791,109.292,11542.0
2018-08-16,109.378,109.272,109.383,109.242,9508.0
2018-08-17,109.262,108.524,109.372,107.927,3444.0
2018-08-20,108.671,108.569,108.671,108.39,7529.0
2018-08-21,108.571,108.574,108.625,108.365,8536.0
2018-08-22,108.565,108.627,108.767,108.49,6989.0
2018-08-23,108.628,108.741,108.87,108.56,8652.0
2018-08-24,108.79,108.904,108.973,108.79,8978.0
2018-08-27,108.956,108.868,109.077,108.831,4187.0
2018-08-28,108.99,109.026,109.112,108.812,5430.0
2018-08-29,109.269,109.18,109.269,108.903,4190.0
2018-08-30,109.18,109.171,109.319,109.092,6900.0
2018-08-31,109.238,109.349,109.369,109.209,4875.0
2018-09-03,109.349,109.2,109.463,109.091,3546.0
2018-09-04,109.192,109.031,109.288,109.031,1010.0
2018-09-05,109.031,109.168,109.205,109.02,439.0
2018-09-06,109.135,109.123,109.236,108.892,3787.0
2018-09-07,109.006,109.032,109.245,109.006,4763.0
2018-09-10,109.032,109.05,110.643,108.713,2959.0
2018-09-11,109.05,108.841,109.15,108.737,1811.0
2018-09-12,108.89,109.022,109.033,108.8,553.0
2018-09-13,109.022,108.993,109.035,108.913,2763.0
2018-09-14,108.892,108.972,109.085,108.848,9295.0
2018-09-17,108.999,108.973,109.139,108.911,10837.0
2018-09-18,108.943,108.94,109.002,108.92,6432.0
2018-09-19,108.99,108.978,109.104,108.905,6351.0
2018-09-20,109.09,109.014,109.187,108.985,6425.0
2018-09-21,109.014,109.15,109.209,109.014,9951.0
2018-09-25,109.081,109.148,109.32,109.081,24325.0
2018-09-26,109.15,109.265,109.289,109.138,28346.0
2018-09-27,109.265,109.318,109.376,109.191,28661.0
2018-09-28,109.383,109.618,109.639,109.383,34886.0
2018-10-08,109.587,109.89,109.99,109.453,48609.0
2018-10-09,109.706,109.885,110.19,109.706,43735.0
2018-10-10,109.7,109.436,109.985,109.322,29349.0
2018-10-11,109.436,109.828,109.91,109.436,44017.0
2018-10-12,109.671,109.957,110.089,109.671,43672.0
2018-10-15,110.59,110.089,110.59,109.97,43374.0
2018-10-16,109.793,110.079,110.488,109.792,4759.0
2018-10-17,109.68,110.14,110.369,109.68,24721.0
2018-10-18,110.145,110.37,110.39,110.145,26884.0
2018-10-19,110.38,110.403,110.49,110.29,27646.0
2018-10-22,110.37,110.218,110.39,110.142,27368.0
2018-10-23,110.216,110.244,110.388,110.144,42136.0
2018-10-24,110.151,110.265,110.333,110.151,42048.0
2018-10-25,110.309,110.188,110.643,110.09,23293.0
2018-10-26,110.188,110.186,110.24,110.079,23667.0
2018-10-29,110.237,110.198,110.324,110.156,19361.0
2018-10-30,110.221,110.157,110.243,110.091,20827.0
2018-10-31,110.104,110.195,110.204,110.104,25380.0
2018-11-01,110.196,110.28,110.284,110.195,21399.0
2018-11-02,110.14,110.061,110.388,109.945,26341.0
2018-11-05,110.23,110.221,110.285,110.093,29582.0
2018-11-06,110.258,110.335,110.388,110.232,25612.0
2018-11-07,110.32,110.51,110.517,110.32,26556.0
2018-11-08,110.51,110.656,110.717,110.51,17091.0
2018-11-09,110.645,110.591,110.755,110.558,23521.0
2018-11-12,110.6,110.822,110.839,110.6,19835.0
2018-11-13,110.822,110.716,110.945,110.641,24469.0
2018-11-14,110.963,110.927,110.963,110.716,24733.0
2018-11-15,110.927,111.319,112.89,110.927,12398.0
2018-11-16,111.19,111.438,111.662,111.19,10863.0
2018-11-19,111.438,111.395,111.534,111.38,20433.0
2018-11-20,111.39,111.155,111.41,111.11,14378.0
2018-11-21,111.105,111.219,111.316,111.102,13886.0
2018-11-22,111.24,111.15,111.38,111.14,14017.0
2018-11-23,111.155,110.581,111.189,110.547,15897.0
2018-11-26,110.589,110.575,110.684,110.555,21978.0
2018-11-27,110.577,110.608,110.75,110.574,16902.0
2018-11-28,110.615,110.612,110.705,110.584,14424.0
2018-11-29,110.64,110.615,110.64,110.585,17499.0
2018-11-30,110.622,110.645,110.766,110.621,18471.0
2018-12-03,110.603,110.73,110.782,106.073,10338.0
2018-12-04,110.735,111.065,111.139,110.735,6680.0
2018-12-05,111.079,111.331,111.341,111.067,11963.0
2018-12-06,111.388,111.587,111.663,111.388,6321.0
2018-12-07,111.587,111.541,111.638,111.485,4124.0
2018-12-10,111.609,111.722,111.89,111.59,5484.0
2018-12-11,111.741,111.878,111.879,111.741,4523.0
2018-12-12,111.88,111.897,111.936,111.83,14214.0
2018-12-13,111.884,111.709,111.906,111.691,23014.0
2018-12-14,111.701,111.555,111.701,111.508,24968.0
2018-12-17,111.561,111.65,111.679,111.561,11276.0
2018-12-18,111.391,111.74,111.74,111.39,8548.0
2018-12-19,111.755,111.885,111.89,111.69,4996.0
2018-12-20,111.885,111.694,111.976,111.622,6793.0
2018-12-21,111.701,111.937,111.952,111.701,16339.0
2018-12-24,111.941,111.921,112.638,111.871,4632.0
2018-12-25,111.93,111.872,111.989,110.898,7773.0
2018-12-26,111.878,111.859,111.907,111.782,13622.0
2018-12-27,111.793,111.898,111.93,111.709,13573.0
2018-12-28,111.941,112.483,112.49,111.941,5173.0
2019-01-02,112.475,112.157,112.48,111.908,5354.0
2019-01-03,112.158,112.21,112.59,112.158,11034.0
2019-01-04,112.379,112.417,112.49,112.31,10511.0
2019-01-07,112.371,112.528,112.539,112.371,5143.0
2019-01-08,112.521,112.512,112.529,112.42,5191.0
2019-01-09,112.512,112.514,112.53,112.421,8140.0
2019-01-10,112.514,112.507,112.572,112.491,7197.0
2019-01-11,112.507,112.461,112.507,112.45,9590.0
2019-01-14,112.461,112.36,112.464,112.343,5259.0
2019-01-15,112.362,112.394,112.439,112.362,11259.0
2019-01-16,112.394,112.489,112.54,112.346,10844.0
2019-01-17,112.44,112.561,112.579,112.44,6489.0
2019-01-18,112.557,112.493,112.61,112.488,4047.0
2019-01-21,112.242,112.37,112.484,112.242,5584.0
2019-01-22,112.341,112.405,112.407,112.341,7104.0
2019-01-23,112.408,112.378,112.449,112.313,6278.0
2019-01-24,112.291,112.415,112.427,112.289,4285.0
2019-01-25,112.37,112.411,112.447,112.37,4598.0
2019-01-28,112.411,112.388,112.414,112.318,7481.0
2019-01-29,112.389,112.46,112.474,112.388,7067.0
2019-01-30,112.46,112.544,112.55,112.46,7071.0
2019-01-31,112.545,112.614,112.679,112.545,6956.0
2019-02-01,112.614,112.72,112.789,112.614,4987.0
2019-02-11,112.72,112.832,112.878,112.691,7638.0
2019-02-12,112.832,112.899,112.982,112.831,6134.0
2019-02-13,112.94,112.922,112.978,112.9,7544.0
2019-02-14,112.905,112.834,112.969,112.83,12355.0
2019-02-15,112.848,112.958,112.958,112.848,9290.0
2019-02-18,112.957,112.829,113.389,112.802,17912.0
2019-02-19,112.829,112.773,112.829,112.64,9620.0
2019-02-20,112.76,112.813,112.825,112.711,28085.0
2019-02-21,112.813,112.771,112.818,112.75,25024.0
2019-02-22,112.766,112.696,112.797,112.691,16155.0
2019-02-25,112.68,112.45,112.68,112.291,11770.0
2019-02-26,112.2,112.146,112.44,112.125,11989.0
2019-02-27,112.16,112.489,112.544,112.16,12990.0
2019-02-28,112.489,112.334,112.489,112.311,7971.0
2019-03-01,112.335,112.312,112.39,112.256,12847.0
2019-03-04,112.19,112.253,112.305,112.09,9400.0
2019-03-05,112.153,112.202,112.338,112.153,9667.0
2019-03-06,112.202,112.128,112.202,112.098,22422.0
2019-03-07,112.128,112.247,112.268,112.109,23504.0
2019-03-08,112.318,112.378,112.48,112.245,21391.0
2019-03-11,112.37,112.283,112.439,112.27,20534.0
2019-03-12,112.276,112.32,112.348,112.225,24157.0
2019-03-13,112.323,112.333,112.365,112.22,15306.0
2019-03-14,112.221,112.257,112.331,112.221,18475.0
2019-03-15,112.259,112.256,112.275,112.23,29288.0
2019-03-18,112.255,112.243,112.271,112.214,14835.0
2019-03-19,112.22,112.253,112.287,112.22,13279.0
2019-03-20,112.265,112.284,112.334,112.257,12440.0
2019-03-21,112.291,112.289,112.351,112.282,19925.0
2019-03-22,112.295,112.374,112.398,112.295,15330.0
2019-03-25,112.457,112.583,112.599,112.393,14034.0
2019-03-26,112.583,112.746,112.816,112.583,14940.0
2019-03-27,112.74,112.658,112.74,112.648,19122.0
2019-03-28,112.718,112.766,112.787,112.709,28186.0
2019-03-29,112.766,112.752,112.808,112.693,6855.0
2019-04-01,112.752,112.629,112.778,112.614,9352.0
2019-04-02,112.63,112.611,112.639,112.585,11043.0
2019-04-03,112.637,112.346,112.637,112.292,5833.0
2019-04-04,112.346,112.314,112.347,112.279,7628.0
2019-04-08,112.29,112.024,112.29,111.892,7514.0
2019-04-09,112.024,112.032,112.082,112.006,3799.0
2019-04-10,111.79,111.666,111.988,111.63,6381.0
2019-04-11,111.791,112.067,112.086,111.69,11348.0
2019-04-12,112.067,111.951,112.095,111.603,5485.0
2019-04-15,111.916,111.763,111.916,111.64,7066.0
2019-04-16,111.76,111.675,111.762,111.672,9370.0
2019-04-17,111.675,111.747,111.79,111.648,8528.0
2019-04-18,111.745,111.749,111.788,111.682,12266.0
2019-04-19,111.75,111.848,111.906,111.75,11600.0
2019-04-22,111.811,111.917,111.919,111.8,7938.0
2019-04-23,111.9,111.819,111.9,111.712,12352.0
2019-04-24,111.76,111.677,111.879,111.604,4422.0
2019-04-25,111.73,111.806,111.822,111.685,11196.0
2019-04-26,111.807,111.897,112.006,111.806,6807.0
2019-04-29,111.99,111.729,111.99,111.697,7065.0
2019-04-30,111.743,111.974,111.987,111.743,5524.0
2019-05-06,112.02,111.99,112.474,111.957,7956.0
2019-05-07,112.006,112.233,112.252,112.006,9426.0
2019-05-08,112.23,112.227,112.38,112.133,7724.0
2019-05-09,112.31,112.27,112.31,112.208,12685.0
2019-05-10,112.269,112.275,112.35,112.064,6321.0
2019-05-13,112.291,112.375,112.38,112.291,18126.0
2019-05-14,112.374,112.277,112.42,112.252,9803.0
2019-05-15,112.274,112.272,112.279,112.085,12410.0
2019-05-16,112.26,112.311,112.361,112.26,10372.0
2019-05-17,112.315,112.473,112.55,112.315,12059.0
2019-05-20,112.473,112.466,112.538,112.383,10416.0
2019-05-21,112.436,112.375,112.497,112.343,9281.0
2019-05-22,112.373,112.348,112.392,112.3,9342.0
2019-05-23,112.389,112.465,112.501,112.371,6254.0
2019-05-24,112.495,112.551,112.637,112.495,9790.0
2019-05-27,112.46,112.344,112.559,112.266,8436.0
2019-05-28,112.344,112.502,112.534,112.344,12308.0
2019-05-29,112.502,112.586,112.591,112.501,6459.0
2019-05-30,112.59,112.71,112.814,112.551,7487.0
2019-05-31,112.75,112.846,112.971,112.741,11051.0
2019-06-03,112.846,112.886,112.94,112.846,12013.0
2019-06-04,112.792,112.891,112.915,112.792,10878.0
2019-06-05,112.882,112.946,112.946,112.881,11682.0
2019-06-06,112.94,112.882,112.951,112.88,9611.0
2019-06-10,113.0,112.818,113.0,112.705,8630.0
2019-06-11,112.817,112.622,112.817,112.59,8850.0
2019-06-12,112.652,112.684,112.747,112.622,8164.0
2019-06-13,112.69,112.684,112.731,112.648,9017.0
2019-06-14,112.712,112.834,112.889,112.701,10775.0
2019-06-17,112.89,112.893,112.92,112.856,11843.0
2019-06-18,112.933,112.919,112.941,112.91,9423.0
2019-06-19,112.82,112.951,112.991,112.818,11083.0
2019-06-20,112.978,112.98,113.388,112.914,14120.0
2019-06-21,113.015,113.093,113.165,112.81,18190.0
2019-06-24,113.093,113.047,113.169,113.015,11286.0
2019-06-25,112.99,113.079,113.112,112.99,12914.0
2019-06-26,113.067,113.065,113.072,113.06,14308.0
2019-06-27,113.073,113.037,113.086,113.036,12063.0
2019-06-28,113.049,113.053,113.086,113.035,15251.0
2019-07-01,112.911,113.074,113.084,112.911,11575.0
2019-07-02,113.071,113.209,113.219,113.071,10152.0
2019-07-03,113.27,113.589,113.642,113.27,8217.0
2019-07-04,113.494,113.44,113.494,113.389,12055.0
2019-07-05,113.425,113.417,113.465,113.355,9463.0
2019-07-08,113.417,113.403,113.682,113.35,5192.0
2019-07-09,113.356,113.47,113.497,113.356,7242.0
2019-07-10,113.643,113.401,113.743,113.292,9742.0
2019-07-11,113.401,113.404,113.41,113.29,14128.0
2019-07-12,113.346,113.403,113.419,113.346,11333.0
2019-07-15,113.441,113.443,113.525,113.392,8677.0
2019-07-16,113.442,113.446,113.485,113.371,10332.0
2019-07-17,113.446,113.445,113.475,113.43,6010.0
2019-07-18,113.445,113.492,113.505,113.405,12047.0
2019-07-19,113.502,113.527,113.61,113.443,6417.0
2019-07-22,113.511,113.532,113.55,113.502,6421.0
2019-07-23,113.533,113.572,113.591,113.533,7845.0
2019-07-24,113.571,113.56,113.588,113.512,6962.0
2019-07-25,113.542,113.531,113.563,113.53,9550.0
2019-07-26,113.552,113.551,113.568,113.531,14991.0
2019-07-29,113.551,113.537,113.644,113.525,9253.0
2019-07-30,113.501,113.531,113.539,113.49,8355.0
2019-07-31,113.561,113.58,113.608,113.545,8669.0
2019-08-01,113.6,113.646,113.646,113.6,12855.0
2019-08-02,113.695,113.83,113.837,113.695,8777.0
2019-08-05,113.839,114.18,114.59,113.839,6011.0
2019-08-06,122.89,114.384,122.89,114.177,8244.0
2019-08-07,114.373,114.022,114.373,114.003,5732.0
2019-08-08,113.896,114.036,114.08,113.896,9945.0
2019-08-09,114.059,114.317,114.346,114.059,6483.0
2019-08-12,114.317,114.53,114.889,114.235,10606.0
2019-08-13,114.84,114.519,114.84,114.509,11569.0
2019-08-14,114.49,114.4,114.59,114.202,6636.0
2019-08-15,114.425,114.416,114.631,114.373,5613.0
2019-08-16,114.428,114.318,114.428,114.308,5686.0
2019-08-19,114.34,114.122,114.39,114.12,11511.0
2019-08-20,114.139,114.11,114.155,114.09,12613.0
2019-08-21,114.1,114.155,114.182,114.02,7913.0
2019-08-22,114.083,114.123,114.174,114.083,10525.0
2019-08-23,114.14,113.917,114.149,113.89,7609.0
2019-08-26,114.032,114.148,114.149,114.032,13721.0
2019-08-27,114.148,114.11,114.169,114.097,7171.0
2019-08-28,114.131,114.13,114.167,114.121,7423.0
2019-08-29,114.13,114.16,114.166,114.091,11171.0
2019-08-30,114.16,114.081,114.164,114.066,12582.0
2019-09-02,114.081,114.039,114.126,113.97,8631.0
2019-09-03,114.04,113.937,114.04,113.89,9810.0
2019-09-04,113.965,113.941,114.028,113.89,13891.0
2019-09-05,113.991,114.05,114.06,113.947,11765.0
2019-09-06,114.081,114.431,114.441,114.081,5511.0
2019-09-09,114.453,114.321,114.453,114.261,5334.0
2019-09-10,114.069,114.272,114.324,114.069,2219.0
2019-09-11,114.19,114.211,114.317,114.181,4478.0
2019-09-12,114.209,114.089,114.289,114.01,6430.0
2019-09-16,114.09,114.074,114.153,113.948,6257.0
2019-09-17,114.107,114.122,114.189,114.035,10834.0
2019-09-18,114.072,114.076,114.133,114.072,8017.0
2019-09-19,114.102,114.1,114.119,114.05,8651.0
2019-09-20,114.106,114.158,114.169,114.101,3444.0
2019-09-23,114.16,114.219,114.279,114.148,4328.0
2019-09-24,114.261,114.17,114.289,114.155,2591.0
2019-09-25,114.171,114.172,114.22,114.138,2641.0
2019-09-26,114.175,114.144,114.194,114.111,2227.0
2019-09-27,114.145,114.051,114.154,114.021,4298.0
2019-09-30,114.09,114.289,114.369,114.09,1689.0
2019-10-08,114.266,114.241,114.288,114.164,6183.0
2019-10-09,114.321,114.354,114.358,114.301,4757.0
2019-10-10,114.354,114.259,114.354,114.249,7204.0
2019-10-11,114.239,114.194,114.249,114.141,3543.0
2019-10-14,114.191,114.151,114.194,114.121,5492.0
2019-10-15,114.151,114.181,114.201,114.151,3105.0
2019-10-16,114.192,114.17,114.22,114.132,2035.0
2019-10-17,114.223,114.221,114.228,114.17,3032.0
2019-10-18,114.22,114.146,114.248,114.138,3840.0
2019-10-21,114.12,113.908,114.161,113.851,3647.0
2019-10-22,113.932,114.001,114.061,113.932,2404.0
2019-10-23,114.004,114.041,114.069,113.979,2691.0
2019-10-24,114.06,114.057,114.085,113.975,3572.0
2019-10-25,114.157,114.105,114.185,114.029,1242.0
2019-10-28,114.045,113.917,114.045,113.891,5266.0
2019-10-29,113.916,113.85,113.917,113.8,1428.0
2019-10-30,113.85,113.802,113.856,113.801,5708.0
2019-10-31,113.858,113.85,113.869,113.82,4824.0
2019-11-01,113.872,113.911,113.95,113.865,3650.0
2019-11-04,113.841,113.846,113.91,113.84,3832.0
2019-11-05,113.846,113.95,113.989,113.846,3065.0
2019-11-06,113.915,114.101,114.171,113.915,2384.0
2019-11-07,114.101,114.021,114.209,114.0,2843.0
2019-11-08,114.005,113.969,114.024,113.892,4871.0
2019-11-11,113.969,114.119,114.179,113.969,10935.0
2019-11-12,114.151,114.16,114.28,114.145,4804.0
2019-11-13,114.162,114.173,114.185,112.977,10531.0
2019-11-14,114.125,114.113,114.205,114.1,9203.0
2019-11-15,114.116,114.211,114.228,114.116,6838.0
2019-11-18,114.225,114.528,114.68,114.225,4744.0
2019-11-19,114.53,114.585,114.655,114.53,9005.0
2019-11-20,114.585,114.521,114.589,114.44,16700.0
2019-11-21,114.552,114.593,114.67,114.523,8531.0
2019-11-22,114.601,114.563,114.601,114.493,11554.0
2019-11-25,114.549,114.46,114.549,114.44,12307.0
2019-11-26,114.463,114.45,114.507,114.415,12445.0
2019-11-27,114.435,114.489,114.547,114.435,9981.0
2019-11-28,114.553,114.486,114.553,114.486,17251.0
2019-11-29,114.489,114.665,114.682,114.489,9132.0
2019-12-02,114.665,114.824,114.889,114.566,1232.0
2019-12-03,114.827,114.91,115.888,114.491,7973.0
2019-12-04,114.909,114.891,114.959,114.89,6544.0
2019-12-05,114.888,114.871,114.894,114.69,6405.0
2019-12-06,114.871,114.85,114.89,114.795,5919.0
2019-12-09,114.839,114.679,114.901,114.678,5626.0
2019-12-10,114.676,114.609,114.729,114.565,2325.0
2019-12-11,114.612,114.646,114.669,114.594,6454.0
2019-12-12,114.646,114.648,114.686,114.636,5189.0
2019-12-13,114.636,114.651,114.689,114.597,5421.0
2019-12-16,114.65,114.636,114.677,114.621,5574.0
2019-12-17,114.639,114.58,114.653,114.579,2941.0
2019-12-18,114.579,114.612,114.62,114.511,4352.0
2019-12-19,114.609,114.642,114.678,114.565,2887.0
2019-12-20,114.642,114.772,114.864,114.639,5771.0
2019-12-23,114.785,114.916,115.009,114.785,5244.0
2019-12-24,114.939,115.246,115.29,114.939,4062.0
2019-12-25,115.246,115.21,115.321,115.18,4420.0
2019-12-26,115.21,115.359,115.52,115.207,4282.0
2019-12-27,115.362,115.587,115.596,115.362,1129.0
2019-12-30,115.586,115.527,115.586,115.34,456.0
2019-12-31,115.527,115.741,116.096,115.492,3668.0
2020-01-02,115.491,115.267,115.689,115.215,3560.0
2020-01-03,115.271,115.156,115.328,115.141,3820.0
2020-01-06,115.16,115.281,115.348,115.12,9477.0
2020-01-07,115.27,115.226,115.281,115.196,7155.0
2020-01-08,115.24,115.359,115.376,115.237,5075.0
2020-01-09,115.32,115.464,115.471,115.254,12481.0
2020-01-10,115.414,115.586,115.597,115.35,5229.0
2020-01-13,115.589,115.589,115.635,115.54,4931.0
2020-01-14,115.54,115.679,115.743,115.49,5656.0
2020-01-15,115.595,115.73,115.805,115.589,4564.0
2020-01-16,115.775,115.538,115.775,115.507,4721.0
2020-01-17,115.518,115.65,115.725,115.518,5271.0
2020-01-20,115.602,115.704,115.728,115.602,4910.0
2020-01-21,115.728,116.27,116.27,115.715,5328.0
2020-01-22,115.92,115.991,116.492,115.891,5430.0
2020-01-23,115.991,116.689,116.819,115.991,3910.0
2020-02-03,116.705,118.487,122.708,116.705,8002.0
2020-02-04,118.596,117.226,118.605,116.89,5179.0
2020-02-05,117.273,117.415,117.586,117.07,4734.0
2020-02-06,117.415,117.065,117.415,116.968,4725.0
2020-02-07,117.068,117.256,117.38,117.068,3047.0
2020-02-10,117.28,117.459,117.46,117.28,2321.0
2020-02-11,117.409,117.532,117.59,117.392,3036.0
2020-02-12,117.555,117.412,117.555,117.29,5631.0
2020-02-13,117.363,117.237,117.374,117.218,5775.0
2020-02-14,117.237,117.233,117.275,117.225,4965.0
2020-02-17,117.233,117.056,117.233,117.045,5459.0
2020-02-18,116.99,117.033,117.056,116.898,4826.0
2020-02-19,117.004,117.059,117.09,117.004,5271.0
2020-02-20,117.02,116.914,117.08,116.784,6576.0
2020-02-21,116.97,117.033,117.05,116.931,5462.0
2020-02-24,117.04,117.26,117.266,117.04,4070.0
2020-02-25,117.283,117.191,117.759,117.118,5069.0
2020-02-26,117.241,117.205,117.241,117.092,3546.0
2020-02-27,117.202,117.328,117.371,117.09,4797.0
2020-02-28,117.39,117.854,118.279,117.375,6396.0
2020-03-02,117.864,117.639,117.878,117.591,4471.0
2020-03-03,117.291,117.661,117.663,117.291,5193.0
2020-03-04,117.708,117.84,117.89,117.708,4847.0
2020-03-05,117.839,117.866,117.99,117.81,7519.0
2020-03-06,117.828,118.03,118.105,117.828,6012.0
2020-03-09,118.129,118.863,119.223,118.129,8298.0
2020-03-10,118.871,118.494,119.14,118.292,5538.0
2020-03-11,118.494,118.493,118.544,118.192,2069.0
2020-03-12,118.495,118.591,118.89,118.493,5907.0
2020-03-13,118.889,118.102,118.889,117.984,3853.0
2020-03-16,118.155,117.957,118.79,117.911,4739.0
2020-03-17,117.946,117.681,117.954,117.629,2799.0
2020-03-18,117.591,117.681,117.685,117.459,7211.0
2020-03-19,117.541,117.369,117.822,117.308,9217.0
2020-03-20,117.371,117.591,117.614,117.371,7043.0
2020-03-23,117.75,118.187,118.196,117.75,10572.0
2020-03-24,118.18,118.202,118.288,117.941,10537.0
2020-03-25,118.199,118.221,118.247,118.09,9690.0
2020-03-26,118.194,118.487,118.58,118.194,9184.0
2020-03-27,118.539,118.69,118.835,118.5,6387.0
2020-03-30,118.69,118.848,118.858,118.69,6475.0
2020-03-31,118.558,119.083,119.1,118.558,9636.0
2020-04-01,119.205,119.315,120.03,119.205,8776.0
2020-04-02,119.314,119.161,119.481,119.155,9928.0
2020-04-03,119.167,119.103,119.3,119.075,8869.0
2020-04-07,119.199,119.752,119.888,119.199,9072.0
2020-04-08,119.802,120.275,120.475,119.802,9851.0
2020-04-09,120.51,120.415,120.687,120.023,8816.0
2020-04-10,120.465,120.174,120.48,119.976,9463.0
2020-04-13,120.174,120.348,120.365,120.076,11034.0
2020-04-14,120.366,120.388,120.414,120.347,9715.0
2020-04-15,120.5,120.977,120.983,120.49,8150.0
2020-04-16,120.975,120.853,121.201,120.77,10579.0
2020-04-17,120.85,120.774,121.033,120.701,9220.0
2020-04-20,120.774,120.765,120.89,120.69,7251.0
2020-04-21,120.765,120.829,120.881,120.65,6329.0
2020-04-22,120.901,121.283,121.286,120.901,5943.0
2020-04-23,121.255,121.678,121.75,121.255,6382.0
2020-04-24,121.657,121.754,122.08,121.523,11036.0
2020-04-27,121.749,121.786,121.918,121.711,8877.0
2020-04-28,121.786,121.919,121.929,121.695,5903.0
2020-04-29,122.7,122.288,122.7,121.94,9157.0
2020-04-30,122.19,122.325,122.329,122.13,7130.0
2020-05-06,122.317,122.066,122.375,122.06,7672.0
2020-05-07,122.058,121.337,122.058,121.193,9633.0
2020-05-08,121.338,121.175,121.338,121.14,7972.0
2020-05-11,121.1,120.903,121.199,120.75,10741.0
2020-05-12,120.89,121.078,121.237,120.839,9965.0
2020-05-13,121.213,121.01,121.213,120.931,6475.0
2020-05-14,121.01,121.214,121.269,120.798,9056.0
2020-05-15,121.27,121.426,121.46,121.216,9913.0
2020-05-18,121.425,120.992,121.425,120.978,9448.0
2020-05-19,120.79,120.8,120.95,120.74,10048.0
2020-05-20,120.74,120.398,120.78,120.29,8484.0
2020-05-21,120.398,120.424,120.624,120.331,8044.0
2020-05-22,120.425,120.97,120.999,120.425,8302.0
2020-05-25,120.5,120.648,120.999,120.5,7527.0
2020-05-26,120.69,119.969,120.698,119.791,10681.0
2020-05-27,119.925,119.677,120.186,119.56,10756.0
2020-05-28,119.69,119.918,120.06,119.69,7681.0
2020-05-29,119.918,119.782,120.054,119.781,5598.0
2020-06-01,119.827,119.611,119.859,119.54,6948.0
2020-06-02,119.59,119.028,119.59,118.94,8289.0
2020-06-03,118.89,118.716,118.89,118.605,9944.0
2020-06-04,118.736,118.591,118.826,118.539,7567.0
2020-06-05,118.59,118.458,118.685,118.451,7704.0
2020-06-08,118.389,118.779,118.859,118.341,7729.0
2020-06-09,118.767,118.849,119.15,118.767,10090.0
2020-06-10,118.842,118.541,119.012,118.53,8401.0
2020-06-11,118.586,118.716,118.799,118.56,6556.0
2020-06-12,118.84,118.901,119.126,118.826,16049.0
2020-06-15,118.89,119.039,119.09,118.8,8995.0
2020-06-16,118.76,118.362,118.76,118.318,11159.0
2020-06-17,118.362,117.9,118.38,117.89,8588.0
2020-06-18,118.099,117.861,118.24,117.821,9045.0
2020-06-19,118.01,117.69,118.01,117.598,8041.0
2020-06-22,117.752,117.832,117.847,117.607,8371.0
2020-06-23,117.816,117.291,117.83,117.29,9721.0
2020-06-24,117.517,117.788,117.818,117.51,8959.0
2020-06-29,117.812,118.035,118.088,117.773,7524.0
2020-06-30,118.03,117.886,118.03,117.778,10676.0
2020-07-01,118.006,118.048,118.14,117.91,8172.0
2020-07-02,118.048,118.184,118.332,117.899,11332.0
2020-07-03,118.17,118.035,118.177,117.975,6871.0
2020-07-06,117.9,117.306,117.9,117.29,11628.0
2020-07-07,116.989,116.988,117.22,116.49,9008.0
2020-07-08,116.99,116.765,117.184,116.592,6235.0
2020-07-09,116.764,116.777,116.884,116.589,13875.0
2020-07-10,116.784,117.143,117.196,116.784,8487.0
2020-07-13,117.093,116.83,117.69,116.59,10535.0
2020-07-14,116.999,117.29,117.5,116.999,14257.0
2020-07-15,117.02,117.507,117.539,117.014,10165.0
2020-07-16,117.469,117.906,118.253,117.413,16332.0
2020-07-17,117.907,117.691,118.19,117.593,12415.0
2020-07-20,117.608,117.433,117.741,116.89,13870.0
2020-07-21,117.41,117.659,117.782,117.29,10676.0
2020-07-22,117.689,118.092,118.099,117.51,10239.0
2020-07-23,118.101,118.382,118.458,117.878,12160.0
2020-07-24,118.381,118.251,118.448,118.056,12468.0
2020-07-27,118.221,118.38,118.419,118.2,10345.0
2020-07-28,118.375,118.138,118.375,118.056,13258.0
2020-07-29,118.13,118.002,118.138,117.995,8432.0
2020-07-30,117.89,117.875,117.93,117.812,11206.0
2020-07-31,117.816,117.646,117.845,117.627,9523.0
2020-08-03,117.55,117.546,117.586,116.59,6755.0
2020-08-04,117.528,117.561,117.588,117.403,7136.0
2020-08-05,117.578,117.616,117.78,117.578,8505.0
2020-08-06,117.502,117.511,117.58,117.413,7012.0
2020-08-07,117.462,117.506,117.587,117.396,6574.0
2020-08-10,117.48,117.501,117.559,117.431,5216.0
2020-08-11,117.49,117.478,117.503,117.391,6784.0
2020-08-12,117.475,117.056,117.48,116.99,7085.0
2020-08-13,117.056,117.168,117.269,116.973,8025.0
2020-08-14,117.117,117.191,117.315,117.051,6208.0
2020-08-17,117.22,117.319,117.339,117.193,5045.0
2020-08-18,117.291,117.397,117.397,117.222,5260.0
2020-08-19,117.31,117.28,117.41,117.275,8944.0
2020-08-20,117.319,117.012,117.32,116.988,3893.0
2020-08-21,117.0,117.034,117.17,116.991,3286.0
2020-08-24,116.992,117.01,117.062,116.992,2818.0
2020-08-25,117.01,116.756,117.025,116.74,5435.0
2020-08-26,116.76,116.635,116.829,116.622,4752.0
2020-08-27,116.662,116.375,116.662,116.37,4813.0
2020-08-28,116.33,116.293,116.393,116.262,6853.0
2020-08-31,116.309,116.378,116.4,116.244,6105.0
2020-09-01,116.45,116.743,116.795,116.402,5770.0
2020-09-02,116.739,116.605,116.771,116.59,5140.0
2020-09-03,116.556,116.582,116.587,116.37,2796.0
2020-09-04,116.567,116.386,116.568,116.38,7177.0
2020-09-07,116.43,116.102,116.51,116.101,6103.0
2020-09-08,116.092,116.318,116.347,116.055,5814.0
2020-09-09,116.318,116.431,116.549,116.318,7175.0
2020-09-10,116.431,116.667,116.72,116.398,6257.0
2020-09-11,116.703,116.596,116.788,116.532,4011.0
2020-09-14,116.597,116.385,116.597,116.241,7229.0
2020-09-15,116.35,116.516,116.635,116.345,8582.0
2020-09-16,116.546,116.565,116.613,116.497,5699.0
2020-09-17,116.58,116.6,116.681,116.566,6390.0
2020-09-18,116.55,116.604,116.892,116.516,6214.0
2020-09-21,116.62,116.948,116.989,116.597,6893.0
2020-09-22,116.95,117.107,117.151,116.884,6107.0
2020-09-23,117.108,117.072,117.188,116.992,4009.0
2020-09-24,117.115,116.971,117.143,116.966,5572.0
2020-09-25,116.97,116.845,117.012,116.753,6298.0
2020-09-28,116.844,116.744,116.853,116.601,6075.0
2020-09-29,116.695,116.636,116.735,116.621,6041.0
2020-09-30,116.646,116.59,116.867,116.555,4207.0
2020-10-09,116.59,116.413,116.591,116.391,3332.0
2020-10-12,116.413,116.49,116.576,116.296,6811.0
2020-10-13,116.49,116.326,116.589,116.257,4682.0
2020-10-14,116.298,116.319,116.441,116.282,4636.0
2020-10-15,116.31,116.181,116.406,116.14,5649.0
2020-10-16,116.193,116.371,116.463,116.193,5136.0
2020-10-19,116.417,116.619,116.64,116.324,4368.0
2020-10-20,116.589,116.661,116.73,116.499,5112.0
2020-10-21,116.672,116.768,116.87,116.542,4122.0
2020-10-22,116.752,116.891,116.931,116.752,3579.0
2020-10-23,116.891,116.713,116.948,116.709,3527.0
2020-10-26,116.705,116.6,116.793,116.59,3961.0
2020-10-27,116.591,116.832,116.891,116.59,5905.0
2020-10-28,116.881,116.765,116.971,116.68,4336.0
2020-10-29,116.815,116.71,116.858,116.698,5673.0
2020-10-30,116.713,116.851,116.886,116.711,6248.0
2020-11-02,116.851,117.067,117.189,116.851,3020.0
2020-11-03,117.08,117.026,117.192,116.97,2961.0
2020-11-04,117.085,117.104,117.128,115.478,5926.0
2020-11-05,117.073,116.973,117.09,116.972,2041.0
2020-11-06,116.975,116.806,116.975,116.512,5645.0
2020-11-09,116.756,116.624,116.855,116.496,6631.0
2020-11-10,116.504,116.658,116.789,116.504,4862.0
2020-11-11,116.625,116.642,116.79,116.619,7033.0
2020-11-12,116.642,116.591,116.646,116.325,6212.0
2020-11-13,116.541,116.332,116.629,116.264,7373.0
2020-11-16,116.332,116.536,116.561,116.332,5101.0
2020-11-17,116.54,116.469,116.767,116.411,6731.0
2020-11-18,116.491,116.302,116.496,116.29,3379.0
2020-11-19,116.311,116.237,116.311,116.208,3114.0
2020-11-20,116.224,116.237,116.29,116.071,6259.0
2020-11-23,116.251,116.547,116.55,116.251,2750.0
2020-11-24,116.501,116.414,116.612,116.41,3768.0
2020-11-25,116.414,116.475,116.492,116.335,2048.0
2020-11-26,116.493,116.441,116.547,116.425,4416.0
2020-11-27,116.443,116.394,116.502,116.387,4409.0
2020-11-30,116.394,116.676,116.679,116.344,7746.0
2020-12-01,116.67,116.489,116.67,116.46,6647.0
2020-12-02,116.505,116.523,116.531,116.424,6672.0
2020-12-03,116.508,116.432,116.522,116.395,5155.0
2020-12-04,116.426,116.625,116.635,116.426,5861.0
2020-12-07,116.619,116.558,116.761,116.544,6041.0
2020-12-08,116.558,116.608,116.63,116.558,5381.0
2020-12-09,116.614,116.654,116.655,116.592,6596.0
2020-12-10,116.551,116.653,116.665,116.551,3063.0
2020-12-11,116.637,116.513,116.653,116.468,5921.0
2020-12-14,116.513,116.405,116.52,116.364,4637.0
2020-12-15,116.479,116.608,116.675,116.41,7178.0
2020-12-16,116.612,116.674,116.711,116.598,5981.0
2020-12-17,116.741,116.626,116.769,116.613,5846.0
2020-12-18,116.593,116.556,116.64,116.54,4401.0
2020-12-21,116.543,116.699,116.739,116.492,6051.0
2020-12-22,116.686,116.918,116.943,116.686,6375.0
2020-12-23,116.918,116.988,117.024,116.898,4401.0
2020-12-24,116.982,117.011,117.119,116.96,6025.0
2020-12-25,117.011,117.141,117.206,116.977,6667.0
2020-12-28,117.141,117.021,117.29,117.011,8468.0
2020-12-29,117.14,117.09,117.157,116.973,5753.0
2020-12-30,117.092,117.156,117.27,117.085,5814.0
2020-12-31,117.202,117.202,117.263,117.113,5948.0
2021-01-04,117.018,117.014,117.205,116.988,5806.0
2021-01-05,117.014,117.132,117.158,116.993,5650.0
2021-01-06,117.133,117.383,117.44,117.133,7279.0
2021-01-07,117.39,117.454,117.486,117.37,5541.0
2021-01-08,117.455,117.399,117.49,117.356,5561.0
2021-01-11,117.489,117.282,117.489,117.256,5319.0
2021-01-12,117.285,117.408,117.441,117.265,6306.0
2021-01-13,117.412,117.647,117.667,117.412,5939.0
2021-01-14,117.695,117.898,117.99,117.69,7162.0
2021-01-15,117.91,117.75,117.916,117.703,5160.0
2021-01-18,117.771,117.582,117.8,117.545,2676.0
2021-01-19,117.54,117.358,117.59,117.307,3692.0
2021-01-20,117.4,117.553,117.559,117.359,6964.0
2021-01-21,117.52,117.7,117.71,117.48,7248.0
2021-01-22,117.69,117.755,117.755,117.54,6071.0
2021-01-25,117.69,117.758,117.766,117.608,6296.0
2021-01-26,117.595,117.342,117.702,117.31,7014.0
2021-01-27,117.294,117.37,117.437,117.257,3919.0
2021-01-28,117.32,117.276,117.385,117.206,6709.0
2021-01-29,117.276,117.3,117.335,116.847,8939.0
2021-02-01,117.292,117.419,117.499,117.211,7030.0
2021-02-02,117.419,117.481,117.723,117.367,7977.0
2021-02-03,117.485,117.556,117.66,117.42,4422.0
2021-02-04,117.556,117.528,117.662,117.453,4798.0
2021-02-05,117.488,117.337,117.497,117.325,6248.0
2021-02-08,117.295,117.197,117.347,116.99,5982.0
2021-02-09,117.197,117.184,117.208,117.02,7071.0
2021-02-10,117.151,117.356,117.477,117.085,4304.0
2021-02-18,117.361,117.239,117.361,117.22,5693.0
2021-02-19,117.23,117.255,117.289,117.195,6491.0
2021-02-22,117.25,117.309,117.321,117.142,5580.0
2021-02-23,117.26,117.439,117.44,117.26,5046.0
2021-02-24,117.44,117.661,117.669,117.44,4780.0
2021-02-25,117.661,117.646,117.677,117.567,6296.0
2021-02-26,117.55,117.398,117.65,117.373,5008.0
2021-03-01,117.39,117.393,117.415,117.355,4845.0
2021-03-02,117.393,117.873,117.884,117.338,5980.0
2021-03-03,117.788,117.794,117.975,117.661,8136.0
2021-03-04,117.791,117.742,117.809,117.696,6382.0
2021-03-05,117.695,117.881,117.884,117.605,9589.0
2021-03-08,117.838,117.88,117.888,117.703,4723.0
2021-03-09,117.77,117.744,117.878,117.704,6934.0
2021-03-10,117.694,117.819,117.828,117.615,6962.0
2021-03-11,117.85,117.734,117.85,117.694,5846.0
2021-03-12,117.69,117.744,117.835,117.592,8189.0
2021-03-15,117.751,117.681,117.751,117.64,6080.0
2021-03-16,117.67,117.517,117.67,117.505,5164.0
2021-03-17,117.524,117.563,117.63,117.524,3908.0
2021-03-18,117.513,117.508,117.577,117.49,7149.0
2021-03-19,117.495,117.484,117.579,117.442,8561.0
2021-03-22,117.461,117.5,117.547,117.461,8184.0
2021-03-23,117.49,117.529,117.578,117.488,4503.0
2021-03-24,117.557,117.68,117.684,117.54,6022.0
2021-03-25,117.65,117.775,117.808,117.63,6504.0
2021-03-26,117.775,117.61,117.823,117.596,7204.0
2021-03-29,117.61,117.6,117.64,117.547,3224.0
2021-03-30,117.572,117.792,117.823,117.572,3582.0
2021-03-31,117.79,117.824,117.852,117.685,8366.0
2021-04-01,117.825,117.79,117.909,117.729,3070.0
2021-04-02,117.789,117.972,118.056,117.725,7049.0
2021-04-06,117.922,117.894,117.922,117.791,5369.0
2021-04-07,117.881,117.877,117.95,117.787,5008.0
2021-04-08,117.877,117.719,117.884,117.711,6765.0
2021-04-09,117.646,117.715,117.748,117.646,6156.0
2021-04-12,117.715,117.939,118.036,117.7,5763.0
2021-04-13,117.891,118.203,118.24,117.891,4336.0
2021-04-14,118.209,118.163,118.422,118.113,4787.0
2021-04-15,118.21,118.169,118.281,118.133,2782.0
2021-04-16,118.119,118.229,118.28,118.07,3821.0
2021-04-19,118.242,118.151,118.282,118.098,6721.0
2021-04-20,118.155,118.212,118.259,118.155,2864.0
2021-04-21,118.162,118.445,118.446,118.162,3866.0
2021-04-22,118.445,118.347,118.445,118.207,4814.0
2021-04-23,118.37,118.636,118.688,118.296,3037.0
2021-04-26,118.646,118.471,118.646,118.451,3580.0
2021-04-27,118.427,118.373,118.56,118.342,4769.0
2021-04-28,118.316,118.288,118.373,118.174,3670.0
2021-04-29,118.288,118.342,118.458,118.206,7717.0
2021-04-30,118.35,118.49,118.515,118.293,6363.0
2021-05-06,118.49,118.523,118.739,118.317,4231.0
2021-05-07,118.517,118.477,118.589,118.355,3714.0
2021-05-10,118.481,118.54,118.587,118.472,5451.0
2021-05-11,118.55,118.782,118.99,118.55,7017.0
2021-05-12,118.786,118.79,118.827,118.703,2821.0
2021-05-13,118.79,118.616,118.79,118.553,6298.0
2021-05-14,118.592,118.629,118.678,118.59,5702.0
2021-05-17,118.628,118.777,118.842,118.589,8042.0
2021-05-18,118.85,118.746,118.866,118.621,4473.0
2021-05-19,118.746,118.949,118.978,118.697,5415.0
2021-05-20,118.891,119.119,119.17,118.771,6897.0
2021-05-21,119.131,119.241,119.268,119.003,6402.0
2021-05-24,119.191,119.267,119.407,119.043,7438.0
2021-05-25,119.269,119.057,119.269,118.968,7563.0
2021-05-26,119.055,119.115,119.156,118.94,6206.0
2021-05-27,119.116,119.024,119.117,119.02,5576.0
2021-05-28,119.03,119.022,119.068,118.898,6082.0
2021-05-31,119.03,118.792,119.03,118.67,10437.0
2021-06-01,118.81,118.961,119.036,118.792,7670.0
2021-06-02,118.95,118.875,118.95,118.87,6609.0
2021-06-03,118.875,118.856,118.909,118.748,5903.0
2021-06-04,118.856,118.905,118.942,118.826,7820.0
2021-06-07,118.89,118.766,118.89,118.761,6695.0
2021-06-08,118.778,118.786,118.908,118.767,6514.0
2021-06-09,118.79,118.75,118.79,118.74,6765.0
2021-06-10,118.75,118.778,118.82,118.75,6141.0
2021-06-11,118.752,118.602,118.807,118.578,7827.0
2021-06-15,118.587,118.58,118.61,118.502,9333.0
2021-06-16,118.579,118.827,118.827,118.441,9298.0
2021-06-17,118.79,118.763,118.858,118.702,6652.0
2021-06-18,118.763,118.858,118.878,118.708,5647.0
2021-06-21,118.849,119.117,119.167,118.838,5879.0
2021-06-22,119.08,119.051,119.08,118.996,6065.0
2021-06-23,119.038,119.02,119.059,118.966,5642.0
2021-06-24,119.058,118.937,119.058,118.909,6864.0
2021-06-25,118.903,118.981,119.008,118.901,5808.0
2021-06-28,118.98,119.121,119.208,118.931,6533.0
2021-06-29,119.088,119.268,119.278,118.97,6531.0
2021-06-30,119.238,119.413,119.589,119.188,7784.0
2021-07-01,119.363,119.375,119.589,119.32,12702.0
2021-07-02,119.33,119.357,119.482,119.327,8017.0
2021-07-05,119.31,119.372,119.526,119.308,5719.0
2021-07-06,119.372,119.408,119.436,119.325,5798.0
2021-07-07,119.42,119.545,119.669,119.333,9063.0
2021-07-08,119.55,119.727,119.74,119.55,7080.0
2021-07-09,119.724,119.777,119.779,119.651,7911.0
2021-07-12,119.777,119.802,119.824,119.614,2373.0
2021-07-13,119.881,120.102,120.176,119.84,5869.0
2021-07-14,120.102,120.169,120.208,119.9,9828.0
2021-07-15,120.12,119.912,120.163,119.88,8898.0
2021-07-16,119.91,119.99,120.038,119.863,9682.0
2021-07-19,119.95,120.004,120.04,119.941,11355.0
2021-07-20,120.025,120.094,120.284,119.97,9026.0
2021-07-21,120.052,120.211,120.27,120.052,8285.0
2021-07-22,120.162,120.231,120.261,120.101,8809.0
2021-07-23,120.281,120.276,120.287,120.169,10173.0
2021-07-26,120.276,120.591,120.695,120.276,9059.0
2021-07-27,120.542,120.746,120.879,120.31,10713.0
2021-07-28,120.795,120.611,120.873,120.3,10659.0
2021-07-29,120.611,120.536,120.702,120.5,10600.0
2021-07-30,120.536,120.716,120.756,120.486,8776.0
2021-08-02,120.69,121.06,121.11,120.69,9034.0
2021-08-03,121.06,121.001,121.14,120.936,8613.0
2021-08-04,120.951,120.924,121.051,120.9,6281.0
2021-08-05,120.891,120.874,120.94,120.8,10476.0
2021-08-06,120.874,120.909,120.944,119.828,8961.0
2021-08-09,120.949,120.621,120.949,120.605,9232.0
2021-08-10,120.615,120.505,120.668,120.49,8542.0
2021-08-11,120.505,120.383,120.554,120.29,12448.0
2021-08-12,120.334,120.49,120.565,120.334,6764.0
2021-08-13,120.433,120.722,120.82,120.423,8199.0
2021-08-16,120.719,120.717,120.868,120.672,8046.0
2021-08-17,120.713,120.915,120.989,120.655,9178.0
2021-08-18,120.91,120.992,121.075,120.789,10050.0
2021-08-19,121.029,120.978,121.129,120.942,7505.0
2021-08-20,120.964,121.056,121.153,120.946,13697.0
2021-08-23,121.007,120.982,121.106,120.948,8517.0
2021-08-24,120.943,120.93,120.98,120.699,9720.0
2021-08-25,120.88,120.975,121.125,120.805,8184.0
2021-08-26,120.943,120.667,121.025,120.518,7159.0
2021-08-27,120.815,120.705,120.815,120.61,8837.0
2021-08-30,120.68,120.75,120.826,120.578,10404.0
2021-08-31,120.75,120.923,120.93,120.75,8780.0
2021-09-01,120.89,120.99,121.046,120.88,9963.0
2021-09-02,120.955,120.983,121.03,120.915,7665.0
2021-09-03,120.982,121.018,121.025,120.934,6991.0
2021-09-06,120.97,120.914,121.033,120.897,7605.0
2021-09-07,120.88,120.818,120.9,120.8,13875.0
2021-09-08,120.819,120.783,120.834,120.78,9662.0
2021-09-09,120.79,120.797,120.823,120.748,6211.0
2021-09-10,120.798,120.795,120.853,120.765,7501.0
2021-09-13,120.779,120.749,120.809,120.747,8733.0
2021-09-14,120.756,120.682,120.769,120.655,6495.0
2021-09-15,120.7,120.705,120.785,120.66,7877.0
2021-09-16,120.58,120.54,120.679,120.472,8150.0
2021-09-17,120.59,120.648,120.659,120.49,8021.0
2021-09-22,120.625,120.711,120.816,120.625,5989.0
2021-09-23,120.761,120.876,120.985,120.746,5922.0
2021-09-24,120.848,120.865,120.952,120.848,6119.0
2021-09-27,120.875,120.861,120.925,120.85,6650.0
2021-09-28,120.851,120.879,120.988,120.809,5218.0
2021-09-29,120.87,121.181,121.228,120.833,7575.0
2021-09-30,121.101,121.239,121.384,121.101,5707.0
2021-10-08,121.238,121.038,121.287,120.982,6332.0
2021-10-11,121.04,120.88,121.078,120.823,7184.0
2021-10-12,120.88,120.696,120.97,120.69,5637.0
2021-10-13,120.7,120.65,120.746,120.63,5306.0
2021-10-14,120.667,120.679,120.725,120.647,5899.0
2021-10-15,120.72,120.66,120.72,120.496,8525.0
2021-10-18,120.662,120.282,120.662,120.094,6644.0
2021-10-19,120.289,120.27,120.32,120.174,6787.0
2021-10-20,120.285,120.31,120.338,120.235,5029.0
2021-10-21,120.32,120.488,120.494,120.291,6838.0
2021-10-22,120.351,120.343,120.49,120.3,7460.0
2021-10-25,120.392,120.37,120.392,120.294,6025.0
2021-10-26,120.42,120.463,120.488,120.357,4946.0
2021-10-27,120.478,120.499,120.529,120.474,5459.0
2021-10-28,120.46,120.479,120.512,120.44,6472.0
2021-10-29,120.53,120.576,120.58,120.477,4830.0
2021-11-01,120.57,120.667,120.67,120.531,8255.0
2021-11-02,120.621,120.768,120.778,120.617,6076.0
2021-11-03,120.752,120.866,120.922,120.742,6849.0
2021-11-04,120.866,120.822,120.875,120.805,6897.0
2021-11-05,120.872,120.95,121.049,120.872,6184.0
2021-11-08,120.95,121.063,121.226,120.95,5358.0
2021-11-09,121.063,120.955,121.069,120.875,6557.0
2021-11-10,120.961,121.118,121.128,120.961,4268.0
2021-11-11,121.129,121.083,121.138,121.056,6663.0
2021-11-12,121.033,120.945,121.075,120.891,8340.0
2021-11-15,121.029,121.039,121.052,120.924,5141.0
2021-11-16,121.039,121.087,121.133,121.039,4544.0
2021-11-17,121.084,121.089,121.155,121.04,8810.0
2021-11-18,121.081,121.171,121.26,121.081,8248.0
2021-11-19,121.178,121.098,121.288,121.066,4813.0
2021-11-22,121.098,121.146,121.178,121.098,6879.0
2021-11-23,121.153,121.148,121.156,121.121,6367.0
2021-11-24,121.155,121.239,121.268,121.155,6387.0
2021-11-25,121.213,121.31,121.38,121.213,7333.0
2021-11-26,121.315,121.564,121.708,121.314,4039.0
2021-11-29,121.56,121.401,121.588,121.391,7270.0
2021-11-30,121.402,121.419,121.451,121.36,6897.0
2021-12-01,121.426,121.36,121.469,121.349,6891.0
2021-12-02,121.39,121.294,121.39,121.29,1984.0
2021-12-03,121.294,121.12,121.327,121.119,1130.0
2021-12-06,121.179,121.371,121.435,121.179,3924.0
2021-12-07,121.376,121.314,121.412,121.314,1855.0
2021-12-08,121.314,121.345,121.363,121.314,596.0
2021-12-09,121.348,121.3,121.388,121.279,1561.0
2021-12-10,121.305,121.379,121.398,121.3,1132.0
2021-12-13,121.379,121.375,121.411,121.353,918.0
2021-12-14,121.378,121.572,121.767,121.378,6110.0
2021-12-15,121.573,121.583,121.687,121.529,2090.0
2021-12-16,121.633,121.544,121.633,121.535,667.0
2021-12-17,121.544,121.72,121.729,121.544,1340.0
2021-12-20,121.712,121.696,121.789,121.632,820.0
2021-12-21,121.646,121.645,121.664,121.596,596.0
2021-12-22,121.642,121.719,121.748,121.599,1766.0
2021-12-23,121.726,121.749,121.829,121.67,694.0
2021-12-24,121.701,121.74,121.903,121.701,1874.0
2021-12-27,121.74,121.851,121.914,121.74,1528.0
2021-12-28,121.82,121.911,121.929,121.801,359.0
2021-12-29,121.861,121.942,122.02,121.861,1442.0
2021-12-30,121.948,122.262,122.289,121.948,4845.0
2021-12-31,122.26,122.369,122.45,122.252,1400.0
2022-01-04,122.319,122.308,122.325,122.173,666.0
2022-01-05,122.308,122.173,122.308,122.149,1186.0
2022-01-06,122.173,122.104,122.173,122.053,819.0
2022-01-07,122.104,122.114,122.153,122.096,1149.0
2022-01-10,122.114,122.258,122.258,122.11,1695.0
2022-01-11,122.258,122.43,122.507,122.25,1101.0
2022-01-12,122.445,122.478,122.478,122.356,1044.0
2022-01-13,122.47,122.463,122.489,122.344,586.0
2022-01-14,122.463,122.759,122.759,122.463,1673.0
2022-01-17,122.642,122.722,122.904,122.642,2276.0
2022-01-18,122.74,123.088,123.121,122.726,2320.0
2022-01-19,123.129,123.028,123.262,122.997,2956.0
2022-01-20,123.045,123.006,123.054,122.959,2118.0
2022-01-21,123.008,123.316,123.324,123.008,1980.0
2022-01-24,123.356,123.765,123.889,123.356,2572.0
2022-01-25,123.49,123.732,123.888,123.49,1948.0
2022-01-26,123.683,123.149,123.732,123.077,7885.0
2022-01-27,123.159,123.096,123.289,123.07,5093.0
2022-01-28,123.105,123.354,123.359,123.096,6357.0
2022-02-07,123.36,123.243,123.389,123.175,6386.0
2022-02-08,123.25,123.394,123.444,123.243,5116.0
2022-02-09,123.4,123.461,123.629,123.351,4104.0
2022-02-10,123.448,123.577,123.587,123.411,4585.0
2022-02-11,123.527,123.036,123.527,123.009,5706.0
2022-02-14,123.015,122.925,123.07,122.924,4158.0
2022-02-15,122.913,122.927,122.959,122.814,4269.0
2022-02-16,122.923,123.024,123.042,122.881,3898.0
2022-02-17,122.91,123.035,123.128,122.91,4145.0
2022-02-18,122.98,122.957,123.084,122.915,6181.0
2022-02-21,122.913,122.675,122.913,122.643,4070.0
2022-02-22,122.623,122.606,122.696,122.549,5317.0
2022-02-23,122.606,122.739,122.74,122.596,4491.0
2022-02-24,122.715,122.783,122.841,122.715,4154.0
2022-02-25,122.814,122.86,122.879,122.549,3836.0
2022-02-28,122.86,122.903,122.988,122.811,3691.0
2022-03-01,122.903,122.684,122.904,122.674,2712.0
2022-03-02,122.687,122.627,122.687,122.582,4013.0
2022-03-03,122.621,122.633,122.82,122.58,4075.0
2022-03-04,122.585,122.573,122.669,122.522,5456.0
2022-03-07,122.57,122.838,122.978,122.556,5724.0
2022-03-08,122.84,122.965,123.029,122.836,4860.0
2022-03-09,122.974,122.69,123.015,122.591,5101.0
2022-03-10,122.645,122.742,122.96,122.645,4326.0
2022-03-11,122.738,122.969,122.999,122.648,5250.0
2022-03-14,122.972,123.33,123.34,122.972,7096.0
2022-03-15,123.33,122.864,123.379,122.832,6132.0
2022-03-16,123.26,122.8,123.26,122.681,5260.0
2022-03-17,122.793,122.824,122.897,122.762,4233.0
2022-03-18,122.824,122.995,123.05,122.824,5645.0
2022-03-21,122.995,122.945,123.068,122.869,4131.0
2022-03-22,122.896,122.8,122.896,122.75,4856.0
2022-03-23,122.798,122.841,123.107,122.75,5213.0
2022-03-24,122.832,122.945,123.06,122.78,4795.0
2022-03-25,122.984,123.05,123.19,122.946,2856.0
2022-03-28,123.1,123.055,123.24,123.046,5090.0
2022-03-29,123.09,122.997,123.28,122.992,4707.0
2022-03-30,122.997,122.967,123.087,122.949,4969.0
2022-03-31,122.954,122.866,123.078,122.848,5483.0
2022-04-01,122.866,123.024,123.056,122.866,3605.0
2022-04-06,123.059,123.14,123.28,123.059,8062.0
2022-04-07,123.14,123.285,123.379,123.14,7395.0
2022-04-08,123.29,123.456,123.549,123.285,5497.0
2022-04-11,123.456,123.2,123.537,123.178,6419.0
2022-04-12,123.213,123.247,123.445,123.204,5575.0
2022-04-13,123.247,123.284,123.376,123.152,6448.0
2022-04-14,123.334,123.485,123.69,123.333,7667.0
2022-04-15,123.485,123.373,123.558,123.343,3987.0
2022-04-18,123.373,123.225,123.373,123.2,2977.0
2022-04-19,123.24,123.274,123.349,123.226,5353.0
2022-04-20,123.324,123.31,123.324,123.134,5294.0
2022-04-21,123.31,123.2,123.339,123.195,6702.0
2022-04-22,123.2,123.168,123.295,123.15,5282.0
2022-04-25,123.168,123.175,123.291,123.153,4872.0
2022-04-26,123.178,123.247,123.284,123.175,7470.0
2022-04-27,123.237,123.206,123.293,123.19,8026.0
2022-04-28,123.213,123.138,123.289,123.124,7428.0
2022-04-29,123.138,123.269,123.288,123.118,10277.0
2022-05-05,123.269,123.27,123.313,123.219,7518.0
2022-05-06,123.27,123.175,123.469,123.09,9585.0
2022-05-09,123.179,123.257,123.29,123.179,7827.0
2022-05-10,123.289,123.519,123.539,123.258,7882.0
2022-05-11,123.569,123.422,123.569,123.391,10141.0
2022-05-12,123.391,123.49,123.641,123.376,9786.0
2022-05-13,123.51,123.598,123.725,123.503,8846.0
2022-05-16,123.548,123.583,123.646,123.541,9331.0
2022-05-17,123.566,123.732,123.8,123.566,10403.0
2022-05-18,123.76,123.93,124.035,123.688,10570.0
2022-05-19,123.979,123.826,124.083,123.67,10157.0
2022-05-20,123.79,123.757,123.95,123.664,9312.0
2022-05-23,123.71,123.812,123.91,123.71,8506.0
2022-05-24,123.811,123.874,124.16,123.771,10354.0
2022-05-25,123.924,123.974,124.12,123.865,8826.0
2022-05-26,124.024,124.206,124.234,124.018,9971.0
2022-05-27,124.206,123.99,124.254,123.928,6802.0
2022-05-30,123.941,123.84,124.039,123.816,10068.0
2022-05-31,123.84,123.721,123.889,123.656,8451.0
2022-06-01,123.695,123.685,123.829,123.606,12282.0
2022-06-02,123.73,123.664,123.73,123.614,11282.0
2022-06-06,123.664,123.705,123.72,123.634,10435.0
2022-06-07,123.74,123.699,123.74,123.676,9755.0
2022-06-08,123.69,123.669,123.729,123.649,9477.0
2022-06-09,123.654,123.69,123.69,123.654,15360.0
2022-06-10,123.694,123.644,123.769,123.6,9794.0
2022-06-13,123.604,123.638,123.639,123.594,18676.0
2022-06-14,123.632,123.577,123.632,123.51,14226.0
2022-06-15,123.58,123.52,123.661,123.451,18154.0
2022-06-16,123.561,123.515,123.632,123.47,14469.0
2022-06-17,123.525,123.62,123.66,123.522,10360.0
2022-06-20,123.62,123.604,123.623,123.527,18861.0
2022-06-21,123.598,123.587,123.66,123.564,19802.0
2022-06-22,123.62,123.682,123.719,123.614,20473.0
2022-06-23,123.684,123.682,123.708,123.635,17851.0
2022-06-24,123.686,123.689,123.764,123.615,18781.0
2022-06-27,123.669,123.497,123.669,123.471,15933.0
2022-06-28,123.48,123.512,123.689,123.48,18696.0
2022-06-29,123.559,123.611,123.686,123.51,18280.0
2022-06-30,123.566,123.615,123.72,123.525,18878.0
2022-07-01,123.615,123.797,123.86,123.594,19107.0
2022-07-04,123.797,123.576,123.83,123.522,18134.0
2022-07-05,123.576,123.458,123.67,123.436,20128.0
2022-07-06,123.455,123.495,123.555,123.455,18150.0
2022-07-07,123.496,123.503,123.539,123.493,16991.0
2022-07-08,123.537,123.446,123.537,123.434,15768.0
2022-07-11,123.48,123.491,123.55,123.408,21185.0
2022-07-12,123.542,123.567,123.59,123.51,18004.0
2022-07-13,123.615,123.643,123.746,123.56,14529.0
2022-07-14,123.693,123.742,123.748,123.643,17042.0
2022-07-15,123.751,123.918,123.945,123.751,25101.0
2022-07-18,123.907,123.829,123.93,123.71,24288.0
2022-07-19,123.795,123.781,123.86,123.704,22267.0
2022-07-20,123.735,123.832,123.84,123.731,25316.0
2022-07-21,123.831,123.905,123.97,123.831,23721.0
2022-07-22,123.905,123.998,124.026,123.862,20490.0
2022-07-25,123.907,124.019,124.032,123.891,24852.0
2022-07-26,124.066,124.147,124.25,123.995,24250.0
2022-07-27,124.147,124.156,124.289,124.129,22543.0
2022-07-28,124.161,124.13,124.265,124.107,23495.0
2022-07-29,124.118,124.389,124.7,124.118,26313.0
2022-08-01,124.389,124.584,124.588,124.361,19065.0
2022-08-02,124.584,124.767,124.779,124.54,27242.0
2022-08-03,124.758,124.723,124.782,124.616,28683.0
2022-08-04,124.723,124.875,125.005,124.723,28363.0
2022-08-05,124.875,124.685,124.875,124.68,25034.0
2022-08-08,124.7,124.71,124.758,124.66,15164.0
2022-08-09,124.71,124.624,124.788,124.599,22511.0
2022-08-10,124.634,124.677,124.828,124.624,35008.0
2022-08-11,124.684,124.642,124.74,124.607,20068.0
2022-08-12,124.634,124.645,124.732,124.623,21984.0
2022-08-15,124.695,125.095,127.89,124.695,26739.0
2022-08-16,125.139,125.274,125.367,125.139,19516.0
2022-08-17,125.273,125.304,125.323,125.224,30688.0
2022-08-18,125.3,125.39,125.47,125.262,21631.0
2022-08-19,125.39,125.479,125.511,125.351,28603.0
2022-08-22,125.461,125.485,125.655,125.359,20172.0
2022-08-23,125.463,125.395,125.574,125.395,18695.0
2022-08-24,125.396,125.365,125.467,125.357,19789.0
2022-08-25,125.412,125.281,125.429,125.28,26560.0
2022-08-26,125.281,125.222,125.281,125.19,25405.0
2022-08-29,125.225,125.23,125.347,125.12,17613.0
2022-08-30,125.238,125.346,125.43,125.232,20117.0
2022-08-31,125.354,125.398,125.415,125.312,30075.0
2022-09-01,125.389,125.411,125.435,125.348,32015.0
2022-09-02,125.42,125.565,125.657,125.402,31422.0
2022-09-05,125.461,125.619,125.77,125.461,31597.0
2022-09-06,125.639,125.575,125.755,125.547,27940.0
2022-09-07,125.575,125.581,125.701,125.404,32553.0
2022-09-08,125.569,125.533,125.595,125.451,31109.0
2022-09-09,125.512,125.422,125.625,125.401,23555.0
2022-09-13,125.385,125.316,125.42,125.291,12440.0
2022-09-14,125.32,125.203,125.365,125.189,33422.0
2022-09-15,125.204,125.198,125.29,125.156,31893.0
2022-09-16,125.178,125.083,125.197,124.99,24105.0
2022-09-19,125.041,125.098,125.19,125.036,13947.0
2022-09-20,125.098,125.242,125.277,125.089,30717.0
2022-09-21,125.261,125.268,125.348,125.214,27407.0
2022-09-22,125.307,125.265,125.318,125.249,30746.0
2022-09-23,125.22,125.138,125.261,125.11,31788.0
2022-09-26,125.214,124.836,125.214,124.79,31614.0
2022-09-27,124.788,124.838,124.89,124.603,23055.0
2022-09-28,124.838,124.795,124.879,124.791,30719.0
2022-09-29,124.746,124.574,124.831,124.543,31354.0
2022-09-30,124.575,124.67,124.67,124.524,31806.0
2022-10-10,124.66,124.88,124.92,124.66,23061.0
2022-10-11,124.93,125.049,125.082,124.83,22298.0
2022-10-12,125.049,124.961,125.092,124.745,32067.0
2022-10-13,124.975,125.048,125.05,124.928,26592.0
2022-10-14,125.048,125.34,125.787,125.009,34742.0
2022-10-17,125.339,125.155,125.339,125.14,31835.0
2022-10-18,125.157,125.136,125.195,125.018,35190.0
2022-10-19,125.146,125.229,125.249,125.106,31138.0
2022-10-20,125.23,125.139,125.25,125.106,31034.0
2022-10-21,125.184,125.154,125.255,125.113,36384.0
2022-10-24,125.154,125.265,125.333,125.13,27223.0
2022-10-25,125.269,125.187,125.269,125.096,26622.0
2022-10-26,125.187,125.193,125.267,125.137,33508.0
2022-10-27,125.239,125.284,125.36,125.194,22981.0
2022-10-28,125.29,125.465,125.515,125.29,24361.0
2022-10-31,125.427,125.558,125.593,125.427,27150.0
2022-11-01,125.608,125.427,125.608,125.39,16774.0
2022-11-02,125.416,125.31,125.461,125.022,27185.0
2022-11-03,125.31,125.427,125.466,125.28,22911.0
2022-11-04,125.203,125.303,125.465,125.203,31681.0
2022-11-07,125.353,125.302,125.354,125.298,43830.0
2022-11-08,125.3,125.331,125.333,125.264,34086.0
2022-11-09,125.303,125.4,125.435,125.303,6569.0
2022-11-10,125.405,125.309,125.449,125.29,31894.0
2022-11-11,125.291,125.057,125.358,124.932,24344.0
2022-11-14,125.057,124.711,125.057,124.642,15152.0
2022-11-15,124.661,124.57,124.661,124.399,32215.0
2022-11-16,124.568,124.371,124.69,124.36,19734.0
2022-11-17,124.371,124.53,124.535,124.32,34534.0
2022-11-18,124.52,124.46,124.679,124.395,54753.0
2022-11-21,124.477,124.699,124.75,124.477,27177.0
2022-11-22,124.69,124.753,124.995,124.559,44123.0
2022-11-23,124.745,124.973,125.073,124.745,40484.0
2022-11-24,125.023,125.133,125.223,125.023,64315.0
2022-11-25,125.134,124.89,125.182,124.89,46294.0
2022-11-28,125.08,124.653,125.08,124.636,44704.0
2022-11-29,124.64,124.304,124.652,124.202,16277.0
2022-11-30,124.31,124.398,124.44,124.31,17332.0
2022-12-01,124.348,124.472,124.509,124.203,54378.0
2022-12-02,124.521,124.511,124.565,124.476,50966.0
2022-12-05,124.472,124.454,124.533,124.422,67647.0
2022-12-06,124.405,124.321,124.452,124.296,95077.0
2022-12-07,124.352,124.245,124.359,124.237,30263.0
2022-12-08,124.253,124.431,124.508,124.253,54384.0
2022-12-09,124.405,124.321,124.5,124.291,46866.0
2022-12-12,124.346,124.342,124.37,124.307,78992.0
2022-12-13,124.354,124.045,124.355,124.01,71261.0
2022-12-14,124.045,124.31,124.36,124.045,22518.0
2022-12-15,124.346,124.391,124.47,124.3,25463.0
2022-12-16,124.343,124.359,124.439,124.29,24714.0
2022-12-19,124.409,124.547,124.59,124.409,30428.0
2022-12-20,124.56,124.559,124.659,124.551,43231.0
2022-12-21,124.559,124.489,124.559,124.389,24450.0
2022-12-22,124.489,124.53,124.551,124.489,27380.0
2022-12-23,124.539,124.568,124.579,124.523,53922.0
2022-12-26,124.57,124.517,124.618,124.474,28208.0
2022-12-27,124.516,124.531,124.685,124.5,30010.0
2022-12-28,124.58,124.716,124.724,124.54,23895.0
2022-12-29,124.716,124.787,124.844,124.69,41049.0
2022-12-30,124.837,124.994,125.182,124.79,2179.0
2023-01-03,125.044,124.957,125.105,124.946,64776.0
2023-01-04,124.944,125.178,125.28,124.921,29465.0
2023-01-05,125.178,125.111,125.223,125.086,35761.0
2023-01-06,125.161,124.847,125.161,124.841,31533.0
2023-01-09,124.846,124.85,124.909,124.834,27688.0
2023-01-10,124.847,124.775,124.863,124.745,34059.0
2023-01-11,124.775,124.64,124.775,124.608,34832.0
2023-01-12,124.628,124.675,124.711,124.628,43170.0
2023-01-13,124.71,124.703,124.724,124.625,55751.0
2023-01-16,124.676,124.6,124.677,124.57,16720.0
2023-01-17,124.6,124.609,124.622,124.581,34600.0
2023-01-18,124.621,124.59,124.7,124.56,43955.0
2023-01-19,124.59,124.619,124.62,124.56,49355.0
2023-01-20,124.668,124.744,124.747,124.621,4361.0
2023-01-30,124.744,124.744,124.784,124.681,44877.0
2023-01-31,124.744,124.728,124.796,124.62,37368.0
2023-02-01,124.731,124.777,124.814,124.721,33848.0
2023-02-02,124.777,124.862,124.877,124.758,23496.0
2023-02-03,124.862,124.908,124.93,124.862,34394.0
2023-02-06,124.909,124.846,124.957,124.791,21820.0
2023-02-07,124.858,124.865,124.873,124.817,49729.0
2023-02-08,124.889,124.908,124.95,124.865,77599.0
2023-02-09,124.91,124.918,124.94,124.877,58704.0
2023-02-10,124.919,124.969,124.974,124.919,44569.0
2023-02-13,124.989,124.979,125.018,124.969,34659.0
2023-02-14,124.971,124.983,125.007,124.936,87311.0
2023-02-15,124.987,124.989,125.032,124.943,52530.0
2023-02-16,124.99,124.977,125.03,124.939,15263.0
2023-02-17,124.99,124.992,125.024,124.946,34858.0
2023-02-20,125.034,124.898,125.042,124.89,30785.0
2023-02-21,124.898,124.857,124.898,124.848,47602.0
2023-02-22,124.866,124.882,124.939,124.866,13636.0
2023-02-23,124.881,124.88,124.92,124.87,36937.0
2023-02-24,124.928,124.883,124.928,124.88,23678.0
2023-02-27,124.883,124.862,124.922,124.811,24690.0
2023-02-28,124.911,124.844,124.911,124.813,37093.0
2023-03-01,124.846,124.853,124.881,124.846,62552.0
2023-03-02,124.867,124.881,124.901,124.85,5544.0
2023-03-03,124.88,124.864,124.891,124.843,18943.0
2023-03-06,124.851,124.953,124.958,124.851,23218.0
2023-03-07,124.953,125.053,125.059,124.946,5842.0
2023-03-08,125.056,125.122,125.153,125.008,18116.0
2023-03-09,125.125,125.141,125.159,125.125,17066.0
2023-03-10,125.151,125.19,125.232,125.12,30005.0
2023-03-13,125.148,125.185,125.236,125.148,18028.0
2023-03-14,125.185,125.228,125.247,125.162,33108.0
2023-03-15,125.196,125.197,125.228,125.186,21349.0
2023-03-16,125.202,125.256,125.265,125.202,21689.0
2023-03-17,125.232,125.326,125.357,125.207,23759.0
2023-03-20,125.376,125.411,125.454,125.29,29706.0
2023-03-21,125.461,125.349,125.461,125.29,25054.0
2023-03-22,125.318,125.343,125.39,125.243,32170.0
2023-03-23,125.302,125.317,125.384,125.297,30417.0
2023-03-24,125.297,125.263,125.359,125.24,38251.0
2023-03-27,125.263,125.273,125.305,125.174,10455.0
2023-03-28,125.275,125.297,125.319,125.275,19520.0
2023-03-29,125.339,125.325,125.347,125.258,44493.0
2023-03-30,125.29,125.36,125.4,125.29,18134.0
2023-03-31,125.41,125.37,125.44,125.36,33838.0
2023-04-03,125.371,125.36,125.42,125.341,66325.0
2023-04-04,125.34,125.404,125.404,125.311,40258.0
2023-04-06,125.4,125.444,125.45,125.389,38497.0
2023-04-07,125.428,125.477,125.48,125.416,37441.0
2023-04-10,125.477,125.587,125.67,125.464,25760.0
2023-04-11,125.587,125.632,125.765,125.538,38753.0
2023-04-12,125.631,125.665,125.682,125.631,16850.0
2023-04-13,125.665,125.636,125.715,125.615,30850.0
2023-04-14,125.656,125.601,125.656,125.587,20276.0
2023-04-17,125.6,125.573,125.635,125.554,29356.0
2023-04-18,125.564,125.626,125.633,125.559,45828.0
2023-04-19,125.625,125.702,125.796,125.625,17699.0
2023-04-20,125.691,125.682,125.713,125.612,28781.0
2023-04-21,125.682,125.741,125.747,125.682,24726.0
2023-04-24,125.739,125.774,125.865,125.728,35063.0
2023-04-25,125.776,125.784,125.824,125.752,31477.0
2023-04-26,125.784,125.785,125.819,125.754,28067.0
2023-04-27,125.8,125.968,125.98,125.8,20789.0
2023-04-28,125.982,126.025,126.06,125.923,24639.0
2023-05-04,126.075,126.137,126.175,126.026,19461.0
2023-05-05,126.137,126.369,126.402,126.088,24226.0
2023-05-08,126.365,126.305,126.4,126.263,7382.0
2023-05-09,126.353,126.353,126.46,126.291,20516.0
2023-05-10,126.357,126.523,126.53,126.357,25766.0
2023-05-11,126.64,126.701,126.788,126.575,33491.0
2023-05-12,126.699,126.63,126.77,126.593,13655.0
2023-05-15,126.639,126.7,126.822,126.639,15318.0
2023-05-16,126.698,126.63,126.7,126.61,23216.0
2023-05-17,126.637,126.618,126.676,126.582,34685.0
2023-05-18,126.618,126.578,126.618,126.417,29491.0
2023-05-19,126.563,126.664,126.67,126.538,13746.0
2023-05-22,126.666,126.825,126.831,126.665,40847.0
2023-05-23,126.86,127.15,127.191,126.826,24308.0
2023-05-24,127.19,127.073,127.191,126.972,34021.0
2023-05-25,127.076,126.91,127.076,126.869,32659.0
2023-05-26,126.95,126.904,127.039,126.89,47512.0
2023-05-29,126.858,126.934,126.976,126.69,23610.0
2023-05-30,126.95,127.04,127.08,126.95,33462.0
2023-05-31,127.04,127.108,127.191,127.04,37618.0
2023-06-01,127.062,127.216,127.238,127.062,28477.0
2023-06-02,127.231,127.038,127.245,126.966,32985.0
2023-06-05,126.99,127.169,127.189,126.99,8265.0
2023-06-06,127.169,127.218,127.237,127.169,23186.0
2023-06-07,127.266,127.343,127.347,127.224,32481.0
2023-06-08,127.343,127.283,127.35,127.24,28282.0
2023-06-09,127.242,127.36,127.408,127.242,13942.0
2023-06-12,127.387,127.434,127.449,127.342,33844.0
2023-06-13,127.435,127.58,127.619,127.435,31430.0
2023-06-14,127.583,127.675,127.709,127.583,34686.0
2023-06-15,127.67,127.327,127.674,122.67,23959.0
2023-06-16,127.228,127.048,127.395,126.941,26094.0
2023-06-19,127.072,127.086,127.187,127.049,14489.0
2023-06-20,127.036,127.112,127.135,127.036,23121.0
2023-06-21,127.12,127.25,127.253,127.12,8069.0
2023-06-26,127.257,127.329,127.332,127.257,17688.0
2023-06-27,127.329,127.253,127.34,127.159,18489.0
2023-06-28,127.251,127.275,127.295,127.251,18874.0
2023-06-29,127.278,127.241,127.317,127.241,24742.0
2023-06-30,127.29,127.419,127.422,127.282,17665.0
2023-07-03,127.469,127.479,127.535,127.391,33780.0
2023-07-04,127.479,127.457,127.596,127.43,1938.0
2023-07-05,127.461,127.646,127.648,127.461,2447.0
2023-07-06,127.655,127.689,127.737,127.596,7248.0
2023-07-07,127.657,127.702,127.738,127.657,12351.0
2023-07-10,127.701,127.694,127.73,127.601,38836.0
2023-07-11,127.689,127.71,127.743,127.689,15704.0
2023-07-12,127.714,127.707,127.728,127.661,27915.0
2023-07-13,127.698,127.689,127.717,127.657,22041.0
2023-07-14,127.691,127.648,127.691,127.601,38272.0
2023-07-17,127.648,127.74,127.759,127.648,19564.0
2023-07-18,127.744,127.822,127.848,127.744,18657.0
2023-07-19,127.832,127.856,127.948,127.822,26977.0
2023-07-20,127.856,127.853,127.856,127.808,18669.0
2023-07-21,127.902,127.986,127.988,127.853,20426.0
2023-07-24,127.959,128.022,128.076,127.939,19778.0
2023-07-25,127.872,127.691,127.872,127.69,32774.0
2023-07-26,127.69,127.715,127.718,127.49,49935.0
2023-07-27,127.728,127.827,127.836,127.725,29896.0
2023-07-28,127.81,127.736,127.888,127.67,40530.0
2023-07-31,127.726,127.617,127.726,127.391,38139.0
2023-08-01,127.62,127.711,127.77,127.62,38412.0
2023-08-02,127.712,127.716,127.761,127.707,35022.0
2023-08-03,127.72,127.773,127.789,127.72,28023.0
2023-08-04,127.773,127.817,127.923,127.724,8637.0
2023-08-07,127.867,127.873,127.886,127.849,31109.0
2023-08-08,127.876,127.9,127.909,127.866,23325.0
2023-08-09,127.95,127.925,127.95,127.85,25941.0
2023-08-10,127.916,127.874,127.94,127.853,28507.0
2023-08-11,127.874,127.912,127.931,127.874,32870.0
2023-08-14,127.927,127.978,128.011,127.927,32210.0
2023-08-15,127.978,128.251,128.369,127.978,18317.0
2023-08-16,128.27,128.322,128.39,128.27,40170.0
2023-08-17,128.342,128.28,128.368,128.201,50072.0
2023-08-18,128.28,128.347,128.372,128.235,33130.0
2023-08-21,128.363,128.468,128.484,128.363,32990.0
2023-08-22,128.468,128.394,128.505,128.19,35735.0
2023-08-23,128.396,128.381,128.437,128.358,32232.0
2023-08-24,128.351,128.35,128.411,128.324,34923.0
2023-08-25,128.357,128.287,128.4,128.275,26396.0
2023-08-28,128.065,128.122,128.162,126.745,36151.0
2023-08-29,128.141,127.96,128.27,127.919,27171.0
2023-08-30,127.911,128.213,128.283,127.9,37123.0
2023-08-31,128.215,128.239,128.275,128.205,29511.0
2023-09-01,128.195,128.098,128.2,128.089,29137.0
2023-09-04,128.02,127.778,128.02,127.681,26614.0
2023-09-05,127.855,127.873,127.887,127.801,34148.0
2023-09-06,127.879,127.773,127.934,127.743,45076.0
2023-09-07,127.771,127.612,127.771,127.595,27480.0
2023-09-08,127.665,127.717,127.739,127.652,29664.0
2023-09-11,127.717,127.717,127.774,127.662,28002.0
2023-09-12,127.717,127.74,127.808,127.709,17140.0
2023-09-13,127.778,127.874,127.925,127.76,35354.0
2023-09-14,127.84,127.941,127.967,127.84,38508.0
2023-09-15,127.94,127.875,127.96,127.856,25571.0
2023-09-18,127.825,127.733,127.825,127.69,29555.0
2023-09-19,127.762,127.718,127.762,127.703,25879.0
2023-09-20,127.718,127.666,127.729,127.655,22783.0
2023-09-21,127.666,127.763,127.785,127.617,26749.0
2023-09-22,127.763,127.668,127.79,127.658,26261.0
2023-09-25,127.667,127.641,127.79,127.639,31232.0
2023-09-26,127.594,127.492,127.653,127.457,33886.0
2023-09-27,127.493,127.194,127.539,127.191,3745.0
2023-09-28,127.542,127.772,127.85,127.48,27356.0
2023-10-09,127.773,127.883,127.939,127.754,23688.0
2023-10-10,127.846,127.789,127.899,127.783,27877.0
2023-10-11,127.75,127.549,127.772,127.5,23312.0
2023-10-12,127.499,127.53,127.57,127.35,34944.0
2023-10-13,127.534,127.639,127.667,127.534,25687.0
2023-10-16,127.689,127.653,127.79,127.631,47490.0
2023-10-17,127.623,127.588,127.627,127.556,40160.0
2023-10-18,127.588,127.563,127.613,127.547,28848.0
2023-10-19,127.517,127.328,127.543,126.116,42310.0
2023-10-20,127.328,127.43,127.469,127.328,29304.0
2023-10-23,127.49,127.552,127.565,127.488,35683.0
2023-10-24,127.522,127.49,127.537,127.434,27500.0
2023-10-25,127.491,127.644,127.669,127.422,19847.0
2023-10-26,127.646,127.8,127.811,127.646,28836.0
2023-10-27,127.8,127.74,127.865,127.723,27313.0
2023-10-30,127.737,127.916,127.959,127.737,26887.0
2023-10-31,127.891,127.956,128.013,127.891,27278.0
2023-11-01,128.04,127.983,128.04,127.941,27528.0
2023-11-02,127.986,128.081,128.093,127.973,27548.0
2023-11-03,128.071,128.072,128.182,127.995,29496.0
2023-11-06,128.07,128.035,128.07,127.981,29974.0
2023-11-07,128.035,128.07,128.1,128.035,29705.0
2023-11-08,128.085,128.083,128.085,127.993,28572.0
2023-11-09,128.128,128.09,128.155,128.061,39085.0
2023-11-10,128.091,128.095,128.128,128.053,28517.0
2023-11-13,128.094,128.253,128.324,128.058,46505.0
2023-11-14,128.251,128.242,128.251,128.146,29665.0
2023-11-15,128.242,128.239,128.257,128.196,31885.0
2023-11-16,128.22,128.315,128.335,128.22,27902.0
2023-11-17,128.316,128.327,128.36,128.262,28266.0
2023-11-20,128.356,128.257,128.356,128.245,33507.0
2023-11-21,128.225,128.196,128.24,128.154,27321.0
2023-11-22,128.196,128.045,128.196,128.021,28070.0
2023-11-23,128.06,127.88,128.06,127.82,27811.0
2023-11-24,127.928,127.976,128.069,127.9,26883.0
2023-11-27,127.93,127.957,128.03,127.895,30525.0
2023-11-28,127.96,127.945,128.116,127.89,36535.0
2023-11-29,127.946,127.897,127.965,127.891,43993.0
2023-11-30,127.91,127.991,128.032,127.9,31820.0
2023-12-01,128.041,128.09,128.19,128.035,46148.0
2023-12-04,128.09,127.995,128.149,127.984,44993.0
2023-12-05,127.997,127.981,128.014,127.957,22145.0
2023-12-06,127.981,127.963,128.014,127.933,34370.0
2023-12-07,127.963,128.034,128.042,127.945,34286.0
2023-12-08,128.129,128.1,128.158,128.078,32707.0
2023-12-11,128.155,128.285,128.321,128.155,30451.0
2023-12-12,128.285,128.273,128.323,128.244,33835.0
2023-12-13,128.291,128.455,128.504,128.291,22260.0
2023-12-14,128.461,128.331,128.461,128.31,18697.0
2023-12-15,128.359,128.448,128.463,128.342,33805.0
2023-12-18,128.464,128.555,128.59,128.464,32852.0
2023-12-19,128.562,128.542,128.572,128.52,34199.0
2023-12-20,128.544,128.451,128.589,128.443,33343.0
2023-12-21,128.453,128.5,128.529,128.411,29682.0
2023-12-22,128.591,128.677,128.707,128.553,14535.0
2023-12-25,128.727,128.785,128.819,128.676,10951.0
2023-12-26,128.79,128.887,129.005,128.757,19286.0
2023-12-27,128.949,129.016,129.049,128.949,31812.0
2023-12-28,129.069,129.135,129.29,128.997,7875.0
2023-12-29,129.152,129.253,129.277,129.152,26287.0
2024-01-02,129.254,129.142,129.254,128.92,31664.0
2024-01-03,129.105,129.107,129.137,129.045,41739.0
2024-01-04,129.095,129.21,129.284,129.061,4005.0
2024-01-05,129.208,129.347,129.482,129.173,3307.0
2024-01-08,129.334,129.313,129.589,129.25,30614.0
2024-01-09,129.312,129.334,129.376,129.3,29256.0
2024-01-10,129.359,129.317,129.377,129.286,22250.0
2024-01-11,129.318,129.35,129.366,129.259,27339.0
2024-01-12,129.389,129.307,129.389,129.144,26873.0
2024-01-15,129.307,129.263,129.346,129.257,61964.0
2024-01-16,129.221,129.172,129.249,129.17,46331.0
2024-01-17,129.154,129.269,129.269,129.154,42925.0
2024-01-18,129.305,129.24,129.447,129.224,42701.0
2024-01-19,129.33,129.465,129.465,129.33,50477.0
2024-01-22,129.467,129.527,129.59,129.438,30624.0
2024-01-23,129.527,129.449,129.527,129.392,31376.0
2024-01-24,129.401,129.402,129.488,129.386,14214.0
2024-01-25,129.454,129.572,129.611,129.454,16875.0
2024-01-26,129.64,129.665,129.737,129.637,40995.0
2024-01-29,129.665,129.711,129.715,129.644,30873.0
2024-01-30,129.906,130.057,130.198,129.808,36493.0
2024-01-31,130.16,130.09,130.28,130.008,25205.0
2024-02-01,130.01,129.968,130.067,129.834,34043.0
2024-02-02,129.953,129.956,129.98,129.921,40738.0
2024-02-05,130.212,130.114,130.28,130.059,34413.0
2024-02-06,130.035,129.913,130.06,129.86,42677.0
2024-02-07,129.859,129.851,130.12,129.635,15312.0
2024-02-08,130.085,130.09,130.09,129.892,25645.0
2024-02-19,130.009,130.05,130.068,129.916,38908.0
2024-02-20,130.038,130.092,130.11,130.02,35983.0
2024-02-21,130.142,130.175,130.317,130.05,29469.0
2024-02-22,130.175,130.233,130.247,130.121,26980.0
2024-02-23,130.37,130.399,130.468,130.277,36790.0
2024-02-26,130.389,130.411,130.456,130.3,25915.0
2024-02-27,130.441,130.449,130.502,130.418,28539.0
2024-02-28,130.415,130.46,130.487,130.388,25255.0
2024-02-29,130.471,130.511,130.529,130.47,54219.0
2024-03-01,130.49,130.43,130.514,130.42,52223.0
2024-03-04,130.397,130.435,130.456,130.315,43927.0
2024-03-05,130.417,130.44,130.468,130.391,41925.0
2024-03-06,130.53,130.62,130.624,130.47,37172.0
2024-03-07,130.845,130.736,130.845,130.632,37630.0
2024-03-08,130.734,130.683,130.763,130.61,43724.0
2024-03-11,130.586,130.598,130.682,130.561,42286.0
2024-03-12,130.498,130.471,130.55,130.398,41780.0
2024-03-13,130.359,130.434,130.445,130.264,39384.0
2024-03-14,130.403,130.361,130.403,130.303,34673.0
2024-03-15,130.389,130.444,130.493,130.382,41887.0
2024-03-18,130.434,130.567,130.57,130.424,41509.0
2024-03-19,130.57,130.673,130.682,130.57,34378.0
2024-03-20,130.667,130.649,130.684,130.624,67407.0
2024-03-21,130.599,130.673,130.681,130.514,35896.0
2024-03-22,130.73,130.706,130.79,130.673,38493.0
2024-03-25,130.57,130.642,130.666,130.548,41118.0
2024-03-26,130.595,130.627,130.634,130.588,31516.0
2024-03-27,130.622,130.681,130.702,130.611,40304.0
2024-03-28,130.738,130.665,130.738,130.646,2827.0
2024-03-29,130.697,130.813,130.823,130.669,40632.0
2024-04-01,130.815,130.768,130.816,130.706,30373.0
2024-04-02,130.768,130.816,130.82,130.768,37738.0
2024-04-03,130.866,130.953,130.96,130.858,34318.0
2024-04-08,130.953,131.12,131.148,130.942,31544.0
2024-04-09,131.12,131.245,131.263,131.072,41409.0
2024-04-10,131.177,131.259,131.29,131.148,52895.0
2024-04-11,131.26,131.284,131.347,131.258,39365.0
2024-04-12,131.327,131.459,131.489,131.327,39987.0
2024-04-15,131.465,131.44,131.535,131.432,30803.0
2024-04-16,131.44,131.367,131.44,131.278,38683.0
2024-04-17,131.367,131.402,131.432,131.367,34128.0
2024-04-18,131.45,131.508,131.519,131.382,31451.0
2024-04-19,131.569,131.596,131.626,131.569,68993.0
2024-04-22,131.61,131.677,131.68,131.61,30708.0
2024-04-23,131.688,131.867,131.869,131.683,29838.0
2024-04-24,131.675,131.508,131.867,131.458,34713.0
2024-04-25,131.516,131.603,131.672,131.516,31794.0
2024-04-26,131.655,131.379,131.73,131.37,28061.0
2024-04-29,131.515,130.819,131.515,130.402,10692.0
2024-04-30,130.96,131.202,131.23,130.96,36085.0
2024-05-06,131.207,131.415,131.415,130.948,18296.0
2024-05-07,131.532,131.581,131.685,131.435,29758.0
2024-05-08,131.581,131.605,131.624,131.569,28353.0
2024-05-09,131.54,131.486,131.55,131.449,41169.0
2024-05-10,131.478,131.462,131.514,131.444,29335.0
2024-05-13,131.502,131.606,131.609,131.49,27803.0
2024-05-14,131.639,131.681,131.716,131.611,38968.0
2024-05-15,131.687,131.68,131.741,131.621,34142.0
2024-05-16,131.668,131.616,131.668,131.546,33005.0
2024-05-17,131.518,131.517,131.6,131.417,38343.0
2024-05-20,131.592,131.679,131.68,131.52,33931.0
2024-05-21,131.687,131.609,131.687,131.588,32296.0
2024-05-22,131.622,131.667,131.67,131.612,33810.0
2024-05-23,131.7,131.761,131.768,131.7,34495.0
2024-05-24,131.789,131.764,131.796,131.728,32052.0
2024-05-27,131.763,131.73,131.763,131.694,35643.0
2024-05-28,131.747,131.806,131.811,131.733,30882.0
2024-05-29,131.856,131.878,131.89,131.819,28917.0
2024-05-30,131.876,131.931,131.938,131.875,28778.0
2024-05-31,131.87,131.908,131.949,131.87,35903.0
2024-06-03,131.915,132.05,132.05,131.913,43246.0
2024-06-04,132.03,132.082,132.089,132.014,35781.0
2024-06-05,132.048,132.121,132.239,132.048,33142.0
2024-06-06,132.123,132.095,132.16,132.049,28371.0
2024-06-07,132.105,132.144,132.145,132.098,32798.0
2024-06-11,132.144,132.144,132.188,132.108,26420.0
2024-06-12,132.133,132.126,132.174,132.101,25551.0
2024-06-13,132.128,132.139,132.167,132.127,28111.0
2024-06-14,132.155,132.16,132.169,132.123,33934.0
2024-06-17,132.162,132.217,132.218,132.161,27625.0
2024-06-18,132.217,132.254,132.272,132.217,28487.0
2024-06-19,132.256,132.281,132.313,132.061,53157.0
2024-06-20,132.366,132.396,132.4,132.314,30529.0
2024-06-21,132.399,132.327,132.399,132.282,29703.0
2024-06-24,132.327,132.41,132.415,132.221,28418.0
2024-06-25,132.405,132.452,132.51,132.404,38625.0
2024-06-26,132.485,132.552,132.567,132.485,35230.0
2024-06-27,132.564,132.693,132.702,132.564,31055.0
2024-06-28,132.728,132.789,132.836,132.723,49050.0
2024-07-01,132.82,132.562,132.87,132.45,8915.0
2024-07-02,132.529,132.685,132.688,132.221,34446.0
2024-07-03,132.707,132.897,132.929,132.707,40451.0
2024-07-04,132.922,132.824,132.922,132.797,64538.0
2024-07-05,132.825,132.718,132.872,132.67,45067.0
2024-07-08,132.578,132.451,132.578,132.301,46433.0
2024-07-09,132.525,132.619,132.622,132.525,34476.0
2024-07-10,132.619,132.705,132.712,132.569,40662.0
2024-07-11,132.704,132.698,132.715,132.618,44301.0
2024-07-12,132.725,132.806,132.837,132.725,32251.0
2024-07-15,132.82,132.858,132.874,132.806,34516.0
2024-07-16,132.86,132.857,132.884,132.753,32254.0
2024-07-17,132.861,132.889,132.919,132.83,38830.0
2024-07-18,132.896,132.848,132.897,132.807,18601.0
2024-07-19,132.851,132.94,132.945,132.851,38215.0
2024-07-22,133.082,133.231,133.29,132.98,30731.0
2024-07-23,133.354,133.376,133.38,133.253,45656.0
2024-07-24,133.387,133.378,133.432,133.32,40589.0
2024-07-25,133.378,133.398,133.478,133.371,35684.0
2024-07-26,133.414,133.457,133.471,133.393,18868.0
2024-07-29,133.47,133.434,133.47,133.408,34882.0
2024-07-30,133.439,133.454,133.486,133.394,38542.0
2024-07-31,133.52,133.551,133.64,133.491,32067.0
2024-08-01,133.644,133.777,133.89,133.54,24949.0
2024-08-02,133.86,133.978,134.178,133.848,25648.0
2024-08-05,133.984,134.029,134.14,133.88,38029.0
2024-08-06,133.806,133.83,133.851,133.491,27544.0
2024-08-07,133.824,134.021,134.1,133.824,39797.0
2024-08-08,133.99,133.901,133.99,133.688,40429.0
2024-08-09,133.712,133.716,133.737,133.615,29740.0
2024-08-12,133.44,133.094,133.639,133.09,48832.0
2024-08-13,133.208,133.499,133.558,133.099,56401.0
2024-08-14,133.648,133.626,133.879,133.573,36982.0
2024-08-15,133.626,133.49,133.726,133.441,24381.0
2024-08-16,133.475,133.467,133.555,133.41,36548.0
2024-08-19,133.553,133.526,133.553,133.418,41832.0
2024-08-20,133.528,133.504,133.528,133.461,40906.0
2024-08-21,133.503,133.357,133.53,133.345,52970.0
2024-08-22,133.558,133.633,133.635,133.391,21531.0
2024-08-23,133.623,133.834,133.836,133.62,39433.0
2024-08-26,133.83,133.836,133.89,133.709,31747.0
2024-08-27,133.722,133.746,133.836,133.719,41563.0
2024-08-28,133.725,133.791,133.796,133.66,48146.0
2024-08-29,133.791,133.717,133.845,133.71,35408.0
2024-08-30,133.742,133.675,133.768,133.554,32779.0
2024-09-02,133.918,133.996,134.04,133.719,43363.0
2024-09-03,134.047,134.179,134.18,133.949,42128.0
2024-09-04,134.258,134.227,134.376,134.14,42708.0
2024-09-05,134.298,134.313,134.388,134.298,34083.0
2024-09-06,134.296,134.358,134.399,134.228,32606.0
2024-09-09,134.358,134.431,134.609,134.358,10826.0
2024-09-10,134.481,134.549,134.569,134.432,30735.0
2024-09-11,134.55,134.756,134.773,134.547,24002.0
2024-09-12,134.756,134.541,134.802,134.538,15217.0
2024-09-13,134.68,134.735,134.778,134.638,14481.0
2024-09-18,134.869,134.769,134.869,134.735,11386.0
2024-09-19,134.795,134.585,134.81,134.545,26325.0
2024-09-20,134.627,134.684,134.709,134.616,26995.0
2024-09-23,134.718,134.714,134.795,134.696,20696.0
2024-09-24,134.796,134.562,134.858,134.405,23423.0
2024-09-25,134.345,134.887,134.93,134.192,17573.0
2024-09-26,135.031,134.78,135.031,134.72,18483.0
2024-09-27,134.57,134.2,134.57,134.091,9873.0
2024-09-30,132.89,133.734,133.778,131.54,29722.0
2024-10-08,132.939,133.68,133.992,132.939,18848.0
2024-10-09,133.799,133.96,134.39,133.691,24818.0
2024-10-10,133.91,134.288,134.37,133.892,13708.0
2024-10-11,134.375,134.36,134.469,134.24,33894.0
2024-10-14,134.374,134.338,134.47,134.31,32374.0
2024-10-15,134.379,134.374,134.379,134.319,32637.0
2024-10-16,134.424,134.393,134.437,134.357,46099.0
2024-10-17,134.396,134.581,134.59,134.317,52197.0
2024-10-18,134.65,134.427,134.67,134.287,72249.0
2024-10-21,134.427,134.409,134.476,134.314,34468.0
2024-10-22,134.405,134.215,134.44,134.19,17004.0
2024-10-23,134.175,134.076,134.212,133.956,44680.0
2024-10-24,134.089,134.13,134.214,134.089,40460.0
2024-10-25,134.131,134.118,134.14,134.059,48924.0
2024-10-28,134.166,134.145,134.218,134.122,31677.0
2024-10-29,134.172,134.282,134.289,134.16,17659.0
2024-10-30,134.49,134.325,134.49,134.266,19408.0
2024-10-31,134.331,134.314,134.332,134.235,16582.0
2024-11-01,134.418,134.521,134.525,134.367,10652.0
2024-11-04,134.582,134.58,134.603,134.52,14599.0
2024-11-05,134.564,134.568,134.618,134.516,22315.0
2024-11-06,134.573,134.619,134.69,134.573,10041.0
2024-11-07,134.647,134.739,134.77,134.647,20181.0
2024-11-08,134.621,134.792,134.795,134.621,44914.0
2024-11-11,134.815,134.83,134.849,134.767,12833.0
2024-11-12,134.855,135.021,135.04,134.855,18063.0
2024-11-13,135.017,135.02,135.039,134.97,21947.0
2024-11-14,135.023,135.027,135.03,134.947,17297.0
2024-11-15,135.032,135.125,135.215,135.032,10855.0
2024-11-18,135.111,135.05,135.112,134.926,37385.0
2024-11-19,135.048,135.019,135.077,134.948,10371.0
2024-11-20,135.065,135.114,135.124,135.063,16014.0
2024-11-21,135.129,135.201,135.205,135.115,33598.0
2024-11-22,135.245,135.227,135.251,135.179,37658.0
2024-11-25,135.227,135.34,135.341,135.134,13868.0
2024-11-26,135.34,135.313,135.39,135.261,31489.0
2024-11-27,135.29,135.254,135.312,135.246,23838.0
2024-11-28,135.253,135.352,135.357,135.253,29668.0
2024-11-29,135.395,135.429,135.437,135.328,26459.0
2024-12-02,135.577,135.734,135.748,135.429,23929.0
2024-12-03,135.769,135.707,135.818,135.697,32736.0
2024-12-04,135.71,135.828,135.855,135.71,33480.0
2024-12-05,135.825,135.858,135.881,135.71,21527.0
2024-12-06,135.856,135.815,135.88,135.811,76784.0
2024-12-09,135.816,135.827,135.865,135.815,24478.0
2024-12-10,135.77,136.263,136.284,135.741,46065.0
2024-12-11,136.24,136.272,136.306,136.04,31006.0
2024-12-12,136.301,136.453,136.518,136.301,34696.0
2024-12-13,136.76,136.945,136.987,136.76,37769.0
2024-12-16,137.044,137.053,137.294,137.042,20894.0
2024-12-17,136.994,136.853,136.994,136.807,99246.0
2024-12-18,136.915,136.845,137.054,136.597,19936.0
2024-12-19,136.861,136.89,136.959,136.861,34594.0
2024-12-20,137.081,137.327,137.39,137.08,22046.0
2024-12-23,137.395,137.251,137.492,137.209,39287.0
2024-12-24,137.22,137.143,137.275,137.138,30995.0
2024-12-25,137.144,136.885,137.181,136.843,20638.0
2024-12-26,136.915,136.887,136.977,136.877,28753.0
2024-12-27,137.01,137.178,137.189,136.956,29039.0
2024-12-30,137.157,136.893,137.16,136.845,18093.0
2024-12-31,137.04,137.106,137.136,136.901,23833.0
2025-01-02,137.25,137.301,137.328,137.15,27487.0
2025-01-03,137.36,137.677,137.689,137.36,21161.0
2025-01-06,137.697,137.679,137.889,137.491,31543.0
2025-01-07,137.683,137.448,137.683,137.343,15614.0
2025-01-08,137.4,137.493,137.565,137.4,34266.0
2025-01-09,137.441,137.188,137.491,137.16,26075.0
2025-01-10,136.84,137.099,137.177,136.551,15031.0
2025-01-13,137.092,136.929,137.092,136.791,32960.0
2025-01-14,136.909,137.001,137.019,136.75,23460.0
2025-01-15,137.14,137.157,137.235,137.129,37847.0
2025-01-16,137.119,137.133,137.215,137.006,26141.0
2025-01-17,137.183,137.068,137.183,137.056,24902.0
2025-01-20,137.018,137.079,137.11,136.975,82198.0
2025-01-21,136.976,137.109,137.116,136.976,10240.0
2025-01-22,137.19,137.2,137.237,137.178,124685.0
2025-01-23,137.149,137.036,137.155,136.983,126339.0
2025-01-24,137.032,136.894,137.032,136.802,154365.0
2025-01-27,137.012,137.386,137.389,137.012,118679.0
2025-02-05,137.321,137.349,137.378,137.052,104712.0
2025-02-06,137.363,137.484,137.502,137.312,110857.0
2025-02-07,137.508,137.401,137.549,137.39,158454.0
2025-02-10,137.355,137.171,137.355,137.148,151570.0
2025-02-11,137.155,137.138,137.227,137.086,52802.0
2025-02-12,137.148,137.14,137.231,137.128,28326.0
2025-02-13,137.142,137.117,137.143,137.059,152223.0
2025-02-14,137.116,136.816,137.116,136.805,144112.0
2025-02-17,136.808,136.722,136.808,136.62,15595.0
2025-02-18,136.712,136.527,136.712,136.371,157012.0
2025-02-19,136.551,136.707,136.709,136.505,146661.0
2025-02-20,136.708,136.473,136.708,136.4,58578.0
2025-02-21,136.37,136.34,136.563,136.17,157081.0
2025-02-24,136.24,135.954,136.29,135.821,158630.0
2025-02-25,136.069,136.143,136.346,135.802,18767.0
2025-02-26,136.183,136.155,136.333,136.097,145746.0
2025-02-27,136.166,136.097,136.24,136.056,153011.0
2025-02-28,136.076,136.144,136.23,135.922,20762.0
2025-03-03,136.18,136.49,136.526,136.102,156581.0
2025-03-04,136.602,136.484,136.753,136.323,21393.0
2025-03-05,136.47,136.436,136.564,136.433,149918.0
2025-03-06,136.426,136.307,136.426,136.229,149712.0
2025-03-07,136.176,136.027,136.176,135.89,18771.0
2025-03-10,135.889,135.795,135.985,135.776,23009.0
2025-03-11,135.825,135.471,135.841,135.417,12963.0
2025-03-12,135.42,135.963,136.023,135.265,183836.0
2025-03-13,135.89,135.981,136.14,135.82,20625.0
2025-03-14,135.881,135.956,136.018,135.631,52481.0
2025-03-17,135.828,135.669,135.834,135.661,12210.0
2025-03-18,135.652,135.77,135.846,135.619,23671.0
2025-03-19,135.77,135.682,135.888,135.63,32373.0
2025-03-20,135.802,135.855,135.94,135.79,37766.0
2025-03-21,135.902,135.802,135.902,135.796,13837.0
2025-03-24,135.77,135.734,135.795,135.68,14798.0
2025-03-25,135.905,135.907,135.96,135.81,40245.0
2025-03-26,135.897,136.066,136.073,135.834,8144.0
2025-03-27,136.07,136.117,136.148,135.992,11059.0
2025-03-28,136.108,136.087,136.193,136.035,9230.0
2025-03-31,136.083,136.077,136.184,136.05,90483.0
2025-04-01,136.121,136.07,136.174,136.046,70994.0
2025-04-02,136.068,136.172,136.195,136.024,18733.0
2025-04-03,136.36,136.684,136.72,136.295,21176.0
2025-04-07,137.035,137.107,137.16,136.926,23109.0
2025-04-08,136.942,136.993,137.63,136.825,68766.0
2025-04-09,137.08,137.074,137.128,136.882,22420.0
2025-04-10,136.99,137.208,137.238,136.845,98584.0
2025-04-11,137.296,137.255,137.375,137.173,86298.0
2025-04-14,137.213,137.133,137.22,137.112,194777.0
2025-04-15,137.139,137.136,137.19,137.121,14094.0
2025-04-16,137.14,137.254,137.285,137.12,176795.0
2025-04-17,137.247,137.166,137.296,137.151,126369.0
2025-04-18,137.165,137.107,137.191,137.09,178050.0
2025-04-21,137.107,136.989,137.126,136.96,7962.0
2025-04-22,136.993,137.04,137.063,136.993,45982.0
2025-04-23,137.018,136.911,137.018,136.87,9591.0
2025-04-24,136.95,136.793,136.98,136.786,117553.0
2025-04-25,136.87,136.919,136.962,136.824,12027.0
2025-04-28,136.928,136.881,136.953,136.873,102934.0
2025-04-29,136.908,137.066,137.07,136.908,74728.0
2025-04-30,137.082,137.173,137.19,137.031,20061.0
2025-05-06,137.16,137.098,137.16,137.057,187147.0
2025-05-07,137.139,137.06,137.185,137.042,44691.0
2025-05-08,137.162,137.34,137.349,137.16,48415.0
2025-05-09,137.352,137.3,137.44,137.279,17149.0
2025-05-12,137.242,137.235,137.335,137.165,15726.0
2025-05-13,137.18,137.141,137.2,137.107,21606.0
2025-05-14,137.139,137.025,137.19,137.011,13478.0
2025-05-15,137.021,136.927,137.06,136.921,10882.0
2025-05-16,136.917,136.833,136.917,136.792,10243.0
2025-05-19,136.833,136.902,136.927,136.833,11215.0
2025-05-20,136.97,136.949,137.021,136.891,10686.0
2025-05-21,136.9,136.934,136.96,136.9,6659.0
2025-05-22,136.96,136.933,137.001,136.918,6494.0
2025-05-23,136.955,137.039,137.048,136.915,7615.0
2025-05-26,137.04,137.036,137.105,137.002,52579.0
2025-05-27,137.043,136.984,137.076,136.971,66876.0
2025-05-28,137.003,136.991,137.003,136.938,32829.0
2025-05-29,136.974,136.833,136.984,136.82,12326.0
2025-05-30,136.933,136.966,137.002,136.903,23656.0
2025-06-03,137.019,136.959,137.02,136.925,158852.0
2025-06-04,136.974,137.049,137.051,136.965,234587.0
2025-06-05,137.048,137.116,137.15,137.006,113705.0
2025-06-06,137.18,137.231,137.235,137.174,152139.0
2025-06-09,137.247,137.28,137.282,137.24,121585.0
2025-06-10,137.305,137.296,137.316,137.251,221953.0
2025-06-11,137.314,137.289,137.34,137.24,141283.0
2025-06-12,137.288,137.259,137.308,137.241,103178.0
2025-06-13,137.259,137.288,137.291,137.25,192043.0
2025-06-16,137.296,137.319,137.355,137.291,137211.0
2025-06-17,137.303,137.473,137.485,137.303,131917.0
2025-06-18,137.49,137.489,137.501,137.456,14264.0
2025-06-19,137.492,137.495,137.524,137.483,11456.0
2025-06-20,137.503,137.52,137.53,137.471,5534.0
2025-06-23,137.518,137.491,137.565,137.463,10042.0
2025-06-24,137.491,137.438,137.52,137.418,280304.0
2025-06-25,137.438,137.402,137.48,137.401,196281.0
2025-06-26,137.402,137.44,137.5,137.401,271713.0
2025-06-27,137.44,137.535,137.565,137.44,197700.0
2025-06-30,137.538,137.471,137.551,137.366,78009.0
2025-07-01,137.484,137.521,137.532,137.479,130705.0
2025-07-02,137.522,137.601,137.608,137.522,221222.0
2025-07-03,137.62,137.619,137.648,137.583,190406.0
2025-07-04,137.634,137.652,137.659,137.626,191611.0
2025-07-07,137.655,137.631,137.675,137.608,94947.0
2025-07-08,137.623,137.521,137.623,137.509,103800.0
2025-07-09,137.53,137.519,137.548,137.507,204550.0
2025-07-10,137.525,137.427,137.525,137.425,241126.0
2025-07-11,137.423,137.389,137.425,137.33,28346.0
2025-07-14,137.39,137.317,137.39,137.287,14642.0
2025-07-15,137.34,137.457,137.461,137.34,217189.0
2025-07-16,137.462,137.466,137.506,137.446,137680.0
2025-07-17,137.442,137.458,137.46,137.408,10799.0
2025-07-18,137.458,137.446,137.469,137.398,11338.0
2025-07-21,137.446,137.359,137.47,137.341,69880.0
2025-07-22,137.363,137.285,137.92,137.276,96063.0
2025-07-23,137.225,137.231,137.281,137.081,41098.0
2025-07-24,137.192,136.964,137.214,136.961,113994.0
2025-07-25,136.97,136.995,137.09,136.945,62686.0
2025-07-28,137.091,137.128,137.205,137.03,145640.0
2025-07-29,137.143,136.954,137.143,136.944,73632.0
2025-07-30,136.968,137.093,137.104,136.903,116716.0
2025-07-31,137.096,137.203,137.219,137.069,119712.0
2025-08-01,137.184,137.211,137.252,137.085,162478.0
2025-08-04,137.242,137.183,137.89,137.175,235391.0
2025-08-05,137.143,137.227,137.234,137.102,84474.0
2025-08-06,137.22,137.241,137.273,137.129,117942.0
2025-08-07,137.28,137.341,137.387,137.266,95938.0
2025-08-08,137.54,137.398,137.624,137.324,133447.0
2025-08-11,137.399,137.231,137.399,137.207,124355.0
2025-08-12,137.238,137.203,137.256,137.151,12510.0
2025-08-13,137.19,137.301,137.345,137.135,93018.0
2025-08-14,137.3,137.248,137.3,137.154,81088.0
2025-08-15,137.27,137.235,137.29,137.205,11732.0
2025-08-18,137.26,136.937,137.332,136.893,65279.0
2025-08-19,136.96,136.948,136.969,136.907,28820.0
2025-08-20,137.012,136.886,137.064,136.86,15865.0
2025-08-21,136.89,136.948,136.966,136.818,11547.0
2025-08-22,136.99,136.911,137.008,136.84,106106.0
2025-08-25,136.914,137.03,137.042,136.841,67599.0
2025-08-26,137.03,137.036,137.055,136.996,21903.0
2025-08-27,137.047,137.074,137.088,137.003,120517.0
2025-08-28,137.088,137.006,137.088,136.997,97128.0
2025-08-29,137.002,137.038,137.05,136.96,150720.0
2025-09-01,137.03,137.149,137.15,136.993,17948.0
2025-09-02,137.156,137.147,137.207,137.125,206377.0
2025-09-03,137.188,137.292,137.309,137.151,106698.0
2025-09-04,137.325,137.378,137.412,137.325,70465.0
2025-09-05,137.369,137.169,137.369,137.138,170921.0
2025-09-08,137.18,137.141,137.18,137.09,152067.0
2025-09-09,137.14,137.121,137.25,137.102,189836.0
2025-09-10,137.14,137.045,137.142,137.02,205134.0
2025-09-11,137.073,137.146,137.2,137.024,87079.0
2025-09-12,137.148,137.191,137.225,137.146,179192.0
2025-09-15,137.254,137.28,137.334,137.2,125685.0
2025-09-16,137.69,137.365,137.694,137.056,142363.0
2025-09-17,137.395,137.522,137.529,137.33,74286.0
2025-09-18,137.499,137.43,137.5,137.418,14795.0
2025-09-19,137.43,137.275,137.464,137.22,22424.0
2025-09-22,137.29,137.387,137.6,137.269,46207.0
2025-09-23,137.44,137.262,137.44,137.141,20503.0
2025-09-24,137.313,137.144,137.313,137.128,17124.0
2025-09-25,137.082,137.092,137.133,136.957,10940.0
2025-09-26,137.12,137.196,137.243,137.1,13670.0
2025-09-29,137.25,137.161,137.278,137.144,8548.0
2025-09-30,137.17,137.368,137.38,137.161,9344.0
2025-10-09,137.38,137.463,137.484,137.289,207224.0
2025-10-10,137.474,137.433,137.535,137.424,9361.0
2025-10-13,137.459,137.474,137.505,137.43,145693.0
2025-10-14,137.45,137.521,137.55,137.35,275776.0
2025-10-15,137.52,137.48,137.52,137.448,139224.0
2025-10-16,137.48,137.486,137.525,137.479,16115.0
2025-10-17,137.513,137.586,137.589,137.498,272471.0
2025-10-20,137.535,137.462,137.549,137.444,192456.0
2025-10-21,137.461,137.482,137.508,137.418,168418.0
2025-10-22,137.482,137.508,137.538,137.473,54490.0
2025-10-23,137.509,137.468,137.543,137.453,14635.0
2025-10-24,137.467,137.459,137.504,137.455,132531.0
2025-10-27,137.421,137.506,137.539,137.377,22130.0
2025-10-28,137.668,137.785,137.786,137.616,127528.0
2025-10-29,137.735,137.901,137.98,137.696,20539.0
2025-10-30,137.969,138.014,138.039,137.918,118846.0
2025-10-31,138.063,138.03,138.12,137.999,107682.0
2025-11-03,138.033,137.968,138.067,137.945,207629.0
2025-11-04,137.99,137.961,137.99,137.9,11606.0
2025-11-05,138.014,137.966,138.021,137.952,120721.0
2025-11-06,137.967,137.9,137.985,137.875,224263.0
2025-11-07,137.928,137.929,137.952,137.9,86362.0
2025-11-10,137.929,137.925,137.938,137.88,24369.0
2025-11-11,137.919,137.942,138.018,137.919,70718.0
2025-11-12,138.006,138.0,138.006,137.96,115655.0
2025-11-13,138.0,137.944,138.006,137.928,40391.0
2025-11-14,137.944,137.927,137.97,137.905,109408.0
2025-11-17,137.927,137.953,137.985,137.927,169897.0
2025-11-18,137.953,137.961,137.98,137.926,163019.0
2025-11-19,137.962,137.919,137.972,137.9,7313.0
2025-11-20,137.918,137.992,138.026,137.904,8750.0
2025-11-21,138.008,137.954,138.035,137.924,22211.0
2025-11-24,137.949,137.97,138.003,137.94,25788.0
2025-11-25,137.97,137.973,138.007,137.95,12705.0
2025-11-26,137.985,137.821,137.985,137.818,8553.0
2025-11-27,137.823,137.813,137.84,137.777,176208.0
2025-11-28,137.814,137.868,137.87,137.801,54604.0
2025-12-01,137.866,137.915,137.939,137.814,6955.0
2025-12-02,137.926,137.88,137.933,137.87,138482.0
2025-12-03,137.88,137.892,137.951,137.86,21602.0
2025-12-04,137.891,137.751,137.892,137.723,7206.0
2025-12-05,137.756,137.823,137.851,137.74,80403.0
2025-12-08,137.846,137.808,137.846,137.745,10304.0
2025-12-09,137.851,137.885,137.901,137.849,46431.0
2025-12-10,137.869,137.906,137.919,137.86,34187.0
2025-12-11,137.928,138.0,138.011,137.912,71021.0
2025-12-12,138.088,137.961,138.088,137.91,121593.0
2025-12-15,137.932,137.902,137.964,137.892,9522.0
2025-12-16,137.875,137.876,137.951,137.868,77847.0
2025-12-17,137.893,137.969,137.973,137.86,86837.0
2025-12-18,137.976,138.053,138.082,137.937,15296.0
2025-12-19,138.09,138.127,138.138,138.061,20448.0
2025-12-22,138.13,138.055,138.138,138.012,32913.0
2025-12-23,138.051,138.292,138.305,138.047,112949.0
2025-12-24,138.241,138.234,138.268,138.183,27781.0
2025-12-25,138.234,138.187,138.266,138.172,24865.0
2025-12-26,138.194,138.279,138.285,138.194,21476.0
2025-12-29,138.261,138.11,138.309,138.064,64110.0
2025-12-30,138.11,138.087,138.136,138.042,22818.0
2025-12-31,138.093,138.09,138.098,138.019,17226.0
2026-01-05,138.084,137.959,138.084,137.948,12972.0
2026-01-06,137.959,137.854,137.964,137.786,112357.0
2026-01-07,137.795,137.777,137.864,137.696,167378.0
2026-01-08,137.844,137.898,137.903,137.774,39895.0
2026-01-09,137.898,137.887,137.903,137.804,12286.0
2026-01-12,137.865,137.956,138.019,137.765,16725.0
2026-01-13,137.974,137.996,138.009,137.918,8034.0
2026-01-14,138.022,138.087,138.149,137.922,150378.0
2026-01-15,138.087,138.142,138.198,138.036,12254.0
2026-01-16,138.112,138.232,138.264,138.112,28525.0
2026-01-19,138.278,138.223,138.284,138.21,194803.0
2026-01-20,138.244,138.312,138.319,138.219,131432.0
2026-01-21,138.315,138.309,138.339,138.247,7478.0
2026-01-22,138.274,138.296,138.338,138.274,326892.0
2026-01-23,138.277,138.343,138.392,138.265,185941.0
2026-01-26,138.346,138.316,138.374,138.305,14382.0
2026-01-27,138.318,138.329,138.37,138.302,206811.0
2026-01-28,138.31,138.351,138.358,138.309,20130.0
2026-01-29,138.358,138.437,138.5,138.346,174755.0
2026-01-30,138.438,138.423,138.491,138.4,9467.0
2026-02-02,138.443,138.426,138.471,138.394,203063.0
2026-02-03,138.408,138.475,138.489,138.369,17589.0
2026-02-04,138.494,138.46,138.494,138.43,201750.0
2026-02-05,138.46,138.544,138.546,138.429,7987.0
2026-02-06,138.594,138.58,138.594,138.507,12868.0
2026-02-09,138.574,138.666,138.671,138.537,8479.0
2026-02-10,138.674,138.663,138.686,138.573,5421.0
2026-02-11,138.669,138.727,138.737,138.662,6064.0
2026-02-12,138.723,138.785,138.792,138.697,6040.0
2026-02-13,138.884,138.839,138.904,138.764,18809.0
2026-02-24,138.829,138.855,138.879,138.798,10633.0
2026-02-25,138.855,138.739,138.855,138.731,9877.0
2026-02-26,138.739,138.604,138.747,138.591,8914.0
2026-02-27,138.604,138.692,138.695,138.589,116101.0
2026-03-02,138.693,138.813,138.813,138.693,8054.0
2026-03-03,138.813,138.802,138.819,138.764,15663.0
2026-03-04,138.819,138.923,138.934,138.796,6088.0
2026-03-05,138.924,138.864,138.927,138.827,102599.0
2026-03-06,138.867,138.9,138.907,138.867,257192.0
2026-03-09,138.902,138.731,138.906,138.714,97514.0
2026-03-10,138.756,138.739,138.789,138.674,23681.0
2026-03-11,138.726,138.729,138.749,138.683,36833.0
2026-03-12,138.693,138.733,138.759,138.692,51026.0
2026-03-13,138.751,138.766,138.794,138.72,13807.0
2026-03-16,138.769,138.672,138.794,138.659,148540.0
2026-03-17,138.682,138.674,138.718,138.664,27101.0
2026-03-18,138.684,138.812,138.813,138.624,13928.0
2026-03-19,138.804,138.888,138.898,138.766,244510.0
2026-03-20,138.882,138.847,138.882,138.839,188748.0
2026-03-23,138.817,138.794,138.921,138.761,25126.0
2026-03-24,138.794,138.758,138.794,138.744,29171.0
2026-03-25,138.746,138.802,138.875,138.731,103562.0
2026-03-26,138.795,138.856,138.904,138.777,25678.0
2026-03-27,138.86,138.941,138.945,138.837,117229.0
2026-03-30,138.95,139.029,139.051,138.95,108977.0
2026-03-31,139.051,139.069,139.083,139.0,26502.0
2026-04-01,139.068,138.95,139.068,138.935,90957.0
2026-04-02,138.958,138.975,139.008,138.908,28037.0
2026-04-03,138.982,139.041,139.06,138.982,15423.0
2026-04-07,139.041,139.024,139.077,139.016,18288.0
2026-04-08,139.005,138.952,139.005,138.865,70776.0
2026-04-09,138.952,138.969,139.011,138.92,25511.0
2026-04-10,138.969,138.971,138.98,138.939,40741.0
2026-04-13,138.977,139.007,139.023,138.945,30418.0
2026-04-14,139.011,139.033,139.063,138.985,51408.0
2026-04-15,139.015,139.166,139.174,139.013,33118.0
2026-04-16,139.171,139.252,139.262,139.133,29215.0
2026-04-17,139.251,139.319,139.328,139.251,23830.0
2026-04-20,139.321,139.304,139.36,139.285,56866.0
2026-04-21,139.288,139.299,139.343,139.268,7982.0
2026-04-22,139.339,139.402,139.408,139.331,29608.0
2026-04-23,139.402,139.402,139.407,139.335,50750.0
2026-04-24,139.409,139.464,139.495,139.404,48984.0
2026-04-27,139.406,139.266,139.42,139.253,30849.0
2026-04-28,139.325,139.385,139.404,139.307,84554.0
2026-04-29,139.395,139.464,139.464,139.377,41704.0
2026-04-30,139.466,139.438,139.496,139.435,172006.0
2026-05-06,139.365,139.376,139.435,139.282,48190.0
2026-05-07,139.376,139.385,139.447,139.354,54616.0
2026-05-08,139.413,139.465,139.465,139.413,200995.0
2026-05-11,139.461,139.476,139.495,139.359,36146.0
2026-05-12,139.493,139.528,139.551,139.455,32192.0
2026-05-13,139.528,139.564,139.574,139.527,20414.0
2026-05-14,139.574,139.576,139.585,139.542,15545.0
2026-05-15,139.611,139.639,139.661,139.579,18514.0
2026-05-18,139.641,139.691,139.701,139.565,18273.0
2026-05-19,139.687,139.812,139.834,139.687,37188.0
2026-05-20,139.813,139.843,139.864,139.799,15078.0
2026-05-21,139.84,139.756,139.856,139.746,20175.0
2026-05-22,139.758,139.769,139.78,139.713,10516.0
2026-05-25,139.767,139.741,139.767,139.71,16152.0
2026-05-26,139.741,139.795,139.8,139.741,10171.0
2026-05-27,139.797,139.867,139.872,139.796,72578.0
2026-05-28,139.892,139.982,139.983,139.888,18554.0
2026-05-29,139.975,140.064,140.069,139.953,66250.0
2026-06-01,140.063,140.069,140.091,140.04,27166.0
2026-06-02,140.068,140.045,140.09,140.035,29173.0
2026-06-03,140.046,140.029,140.073,140.013,34290.0
2026-06-04,140.03,140.069,140.09,139.978,35412.0
2026-06-05,140.077,140.065,140.13,140.046,29553.0
2026-06-08,140.042,139.974,140.054,139.916,20336.0
2026-06-09,139.976,139.91,140.004,139.896,30226.0
2026-06-10,139.898,139.843,139.944,139.841,27309.0
2026-06-11,139.843,139.703,139.845,139.702,25459.0
2026-06-12,139.699,139.728,139.791,139.699,27540.0
2026-06-15,139.785,139.755,139.785,139.638,21902.0
2026-06-16,139.756,139.874,139.884,139.725,50600.0
2026-06-17,139.875,139.913,139.927,139.844,20260.0
2026-06-18,139.925,139.996,140.007,139.91,44534.0
2026-06-22,139.996,140.028,140.042,139.915,85941.0
2026-06-23,140.023,139.937,140.023,139.923,25436.0
2026-06-24,139.937,139.998,140.0,139.919,51554.0
2026-06-25,140.08,140.016,140.081,139.987,24147.0
2026-06-26,140.029,140.101,140.105,140.019,11854.0
2026-06-29,140.122,140.225,140.228,140.122,18959.0
2026-06-30,140.228,140.172,140.232,140.146,31562.0
2026-07-01,140.161,140.017,140.161,139.979,53722.0
2026-07-02,140.017,140.075,140.086,139.971,30623.0
2026-07-03,140.03,140.075,140.079,140.021,137244.0
2026-07-06,140.074,140.133,140.148,140.062,37606.0
2026-07-07,140.13,140.128,140.154,140.09,48534.0
2026-07-08,140.093,140.179,140.187,140.093,314106.0
2026-07-09,140.18,140.151,140.193,140.144,96245.0
2026-07-10,140.152,140.162,140.173,140.14,188520.0
2026-07-13,140.162,140.155,140.197,140.145,138857.0
2026-07-14,140.165,140.178,140.195,140.118,51834.0
2026-07-15,140.178,140.199,140.202,140.148,34878.0
2026-07-16,140.199,140.169,140.202,140.145,35007.0
2026-07-17,140.168,140.192,140.22,140.149,33700.0
2026-07-20,140.192,140.195,140.21,140.123,43703.0
2026-07-21,140.194,140.204,140.208,140.165,196830.0
2026-07-22,140.202,140.279,140.295,140.18,68477.0
2026-07-23,140.28,140.247,140.36,140.225,192811.0
2026-07-24,140.249,140.254,140.279,140.22,57626.0
2026-07-27,140.254,140.221,140.268,140.198,42748.0
2026-07-28,140.223,140.212,140.241,140.191,50936.0
2026-07-29,140.201,140.207,140.23,140.182,74226.0
2026-07-30,140.203,140.233,140.24,140.198,72295.0
2026-07-31,140.23,140.35,140.352,140.23,16707.0
2026-08-03,140.373,140.337,140.428,140.32,113217.0
2026-08-04,140.337,140.371,140.389,140.336,30847.0
2026-08-05,140.384,140.38,140.411,140.364,106502.0
2026-08-06,140.391,140.395,140.41,140.363,162068.0
2026-08-07,140.395,140.466,140.466,140.374,228398.0
2026-08-10,140.48,140.481,140.497,140.422,61330.0
2026-08-11,140.48,140.45,140.483,140.445,52086.0
2026-08-12,140.45,140.464,140.48,140.406,95334.0
2026-08-13,140.484,140.511,140.52,140.46,192976.0
2026-08-14,140.513,140.56,140.565,140.509,110966.0
2026-08-17,140.561,140.597,140.635,140.556,37391.0
2026-08-18,140.597,140.663,140.679,140.593,366275.0
2026-08-19,140.665,140.649,140.693,140.63,62279.0
2026-08-20,140.646,140.615,140.646,140.577,113131.0
2026-08-21,140.615,140.635,140.649,140.598,13204.0
2026-08-24,140.635,140.67,140.676,140.581,19457.0
2026-08-25,140.672,140.682,140.719,140.663,82908.0
2026-08-26,140.683,140.588,140.708,140.58,34307.0
2026-08-27,140.588,140.514,140.603,140.505,68461.0
2026-08-28,140.517,140.492,140.517,140.46,183885.0
2026-08-31,140.496,140.494,140.513,140.462,42060.0
2026-09-01,140.523,140.567,140.576,140.503,195502.0
2026-09-02,140.567,140.546,140.578,140.524,355571.0
2026-09-03,140.58,140.61,140.613,140.565,287152.0
2026-09-04,140.606,140.601,140.62,140.597,336476.0
2026-09-07,140.615,140.602,140.619,140.585,214284.0
2026-09-08,140.603,140.59,140.61,140.562,186855.0
2026-09-09,140.596,140.591,140.604,140.564,286867.0
2026-09-10,140.59,140.565,140.591,140.549,155309.0
2026-09-11,140.56,140.526,140.565,140.513,193313.0
2026-09-14,140.507,140.553,140.587,140.507,328228.0
2026-09-15,140.556,140.583,140.594,140.556,253641.0
2026-09-16,140.585,140.606,140.609,140.568,316173.0
2026-09-17,140.62,140.63,140.636,140.601,235156.0
2026-09-18,140.66,140.67,140.691,140.613,531364.0
2026-09-21,140.625,140.672,140.719,140.625,90194.0
2026-09-22,140.672,140.709,140.717,140.627,378298.0
2026-09-23,140.695,140.664,140.718,140.659,431533.0
